{
  "name": "loiter_spin_0.00",
  "Nco": 6,
  "keyframes": {
    "fo0": {
      "t": 0.0,
      "fo": [
        [
          -2.500606856585621,
          0.0
        ],
        [
          0.35894287596913066,
          0.0
        ],
        [
          -1.0,
          0.0
        ],
        [
          1.1617294719773579,
          2.3624308227496043
        ]
      ]
    },
    "fo1": {
      "t": 0.11428571428571428,
      "fo": [
        [
          -2.500606856585621,
          null,
          null
        ],
        [
          0.35894287596913066,
          null,
          null
        ],
        [
          -1.0,
          null,
          null
        ],
        [
          0.8917373779488317,
          null,
          null
        ]
      ]
    },
    "fo2": {
      "t": 0.22857142857142856,
      "fo": [
        [
          -2.500606856585621,
          null,
          null
        ],
        [
          0.35894287596913066,
          null,
          null
        ],
        [
          -1.0,
          null,
          null
        ],
        [
          0.6217452839203055,
          null,
          null
        ]
      ]
    },
    "fo3": {
      "t": 0.34285714285714286,
      "fo": [
        [
          -2.500606856585621,
          null,
          null
        ],
        [
          0.35894287596913066,
          null,
          null
        ],
        [
          -1.0,
          null,
          null
        ],
        [
          0.3517531898917793,
          null,
          null
        ]
      ]
    },
    "fo4": {
      "t": 0.45714285714285713,
      "fo": [
        [
          -2.500606856585621,
          null,
          null
        ],
        [
          0.35894287596913066,
          null,
          null
        ],
        [
          -1.0,
          null,
          null
        ],
        [
          0.08176109586325309,
          null,
          null
        ]
      ]
    },
    "fo5": {
      "t": 0.5714285714285714,
      "fo": [
        [
          -2.500606856585621,
          null,
          null
        ],
        [
          0.35894287596913066,
          null,
          null
        ],
        [
          -1.0,
          null,
          null
        ],
        [
          -0.188230998165273,
          null,
          null
        ]
      ]
    },
    "fo6": {
      "t": 0.6857142857142857,
      "fo": [
        [
          -2.500606856585621,
          null,
          null
        ],
        [
          0.35894287596913066,
          null,
          null
        ],
        [
          -1.0,
          null,
          null
        ],
        [
          -0.4582230921937993,
          null,
          null
        ]
      ]
    },
    "fo7": {
      "t": 0.8,
      "fo": [
        [
          -2.500606856585621,
          null,
          null
        ],
        [
          0.35894287596913066,
          null,
          null
        ],
        [
          -1.0,
          null,
          null
        ],
        [
          -0.7282151862223256,
          null,
          null
        ]
      ]
    },
    "fo8": {
      "t": 0.9142857142857143,
      "fo": [
        [
          -2.500606856585621,
          null,
          null
        ],
        [
          0.35894287596913066,
          null,
          null
        ],
        [
          -1.0,
          null,
          null
        ],
        [
          -0.9982072802508517,
          null,
          null
        ]
      ]
    },
    "fo9": {
      "t": 1.0285714285714285,
      "fo": [
        [
          -2.500606856585621,
          null,
          null
        ],
        [
          0.35894287596913066,
          null,
          null
        ],
        [
          -1.0,
          null,
          null
        ],
        [
          -1.2681993742793778,
          null,
          null
        ]
      ]
    },
    "fo10": {
      "t": 1.1428571428571428,
      "fo": [
        [
          -2.500606856585621,
          null,
          null
        ],
        [
          0.35894287596913066,
          null,
          null
        ],
        [
          -1.0,
          null,
          null
        ],
        [
          -1.5381914683079039,
          null,
          null
        ]
      ]
    },
    "fo11": {
      "t": 1.2571428571428571,
      "fo": [
        [
          -2.500606856585621,
          null,
          null
        ],
        [
          0.35894287596913066,
          null,
          null
        ],
        [
          -1.0,
          null,
          null
        ],
        [
          -1.8081835623364304,
          null,
          null
        ]
      ]
    },
    "fo12": {
      "t": 1.3714285714285714,
      "fo": [
        [
          -2.500606856585621,
          null,
          null
        ],
        [
          0.35894287596913066,
          null,
          null
        ],
        [
          -1.0,
          null,
          null
        ],
        [
          -2.0781756563649565,
          null,
          null
        ]
      ]
    },
    "fo13": {
      "t": 1.4857142857142858,
      "fo": [
        [
          -2.500606856585621,
          null,
          null
        ],
        [
          0.35894287596913066,
          null,
          null
        ],
        [
          -1.0,
          null,
          null
        ],
        [
          -2.348167750393483,
          null,
          null
        ]
      ]
    },
    "fo14": {
      "t": 1.6,
      "fo": [
        [
          -2.500606856585621,
          null,
          null
        ],
        [
          0.35894287596913066,
          null,
          null
        ],
        [
          -1.0,
          null,
          null
        ],
        [
          -2.618159844422009,
          null,
          null
        ]
      ]
    },
    "fo15": {
      "t": 1.7142857142857142,
      "fo": [
        [
          -2.500606856585621,
          null,
          null
        ],
        [
          0.35894287596913066,
          null,
          null
        ],
        [
          -1.0,
          null,
          null
        ],
        [
          -2.8881519384505348,
          null,
          null
        ]
      ]
    },
    "fo16": {
      "t": 1.8285714285714285,
      "fo": [
        [
          -2.500606856585621,
          null,
          null
        ],
        [
          0.35894287596913066,
          null,
          null
        ],
        [
          -1.0,
          null,
          null
        ],
        [
          -3.1581440324790613,
          null,
          null
        ]
      ]
    },
    "fo17": {
      "t": 1.9428571428571428,
      "fo": [
        [
          -2.500606856585621,
          null,
          null
        ],
        [
          0.35894287596913066,
          null,
          null
        ],
        [
          -1.0,
          null,
          null
        ],
        [
          -3.428136126507588,
          null,
          null
        ]
      ]
    },
    "fo18": {
      "t": 2.057142857142857,
      "fo": [
        [
          -2.500606856585621,
          null,
          null
        ],
        [
          0.35894287596913066,
          null,
          null
        ],
        [
          -1.0,
          null,
          null
        ],
        [
          -3.6981282205361135,
          null,
          null
        ]
      ]
    },
    "fo19": {
      "t": 2.1714285714285713,
      "fo": [
        [
          -2.500606856585621,
          null,
          null
        ],
        [
          0.35894287596913066,
          null,
          null
        ],
        [
          -1.0,
          null,
          null
        ],
        [
          -3.96812031456464,
          null,
          null
        ]
      ]
    },
    "fo20": {
      "t": 2.2857142857142856,