{
  "name": "loiter_spin_0.00",
  "Nco": 6,
  "keyframes": {
    "fo0": {
      "t": 0.0,
      "fo": [
        [
          0.1984388453743812,
          0.0
        ],
        [
          -2.2635882270839005,
          0.0
        ],
        [
          -1.0,
          0.0
        ],
        [
          0.6077280010171978,
          1.8406770664411132
        ]
      ]
    },
    "fo1": {
      "t": 0.11428571428571428,
      "fo": [
        [
          0.1984388453743812,
          null,
          null
        ],
        [
          -2.2635882270839005,
          null,
          null
        ],
        [
          -1.0,
          null,
          null
        ],
        [
          0.8180910943247536,
          null,
          null
        ]
      ]
    },
    "fo2": {
      "t": 0.22857142857142856,
      "fo": [
        [
          0.1984388453743812,
          null,
          null
        ],
        [
          -2.2635882270839005,
          null,
          null
        ],
        [
          -1.0,
          null,
          null
        ],
        [
          1.0284541876323094,
          null,
          null
        ]
      ]
    },
    "fo3": {
      "t": 0.34285714285714286,
      "fo": [
        [
          0.1984388453743812,
          null,
          null
        ],
        [
          -2.2635882270839005,
          null,
          null
        ],
        [
          -1.0,
          null,
          null
        ],
        [
          1.2388172809398652,
          null,
          null
        ]
      ]
    },
    "fo4": {
      "t": 0.45714285714285713,
      "fo": [
        [
          0.1984388453743812,
          null,
          null
        ],
        [
          -2.2635882270839005,
          null,
          null
        ],
        [
          -1.0,
          null,
          null
        ],
        [
          1.449180374247421,
          null,
          null
        ]
      ]
    },
    "fo5": {
      "t": 0.5714285714285714,
      "fo": [
        [
          0.1984388453743812,
          null,
          null
        ],
        [
          -2.2635882270839005,
          null,
          null
        ],
        [
          -1.0,
          null,
          null
        ],
        [
          1.6595434675549767,
          null,
          null
        ]
      ]
    },
    "fo6": {
      "t": 0.6857142857142857,
      "fo": [
        [
          0.1984388453743812,
          null,
          null
        ],
        [
          -2.2635882270839005,
          null,
          null
        ],
        [
          -1.0,
          null,
          null
        ],
        [
          1.8699065608625327,
          null,
          null
        ]
      ]
    },
    "fo7": {
      "t": 0.8,
      "fo": [
        [
          0.1984388453743812,
          null,
          null
        ],
        [
          -2.2635882270839005,
          null,
          null
        ],
        [
          -1.0,
          null,
          null
        ],
        [
          2.0802696541700882,
          null,
          null
        ]
      ]
    },
    "fo8": {
      "t": 0.9142857142857143,
      "fo": [
        [
          0.1984388453743812,
          null,
          null
        ],
        [
          -2.2635882270839005,
          null,
          null
        ],
        [
          -1.0,
          null,
          null
        ],
        [
          2.2906327474776442,
          null,
          null
        ]
      ]
    },
    "fo9": {
      "t": 1.0285714285714285,
      "fo": [
        [
          0.1984388453743812,
          null,
          null
        ],
        [
          -2.2635882270839005,
          null,
          null
        ],
        [
          -1.0,
          null,
          null
        ],
        [
          2.5009958407851998,
          null,
          null
        ]
      ]
    },
    "fo10": {
      "t": 1.1428571428571428,
      "fo": [
        [
          0.1984388453743812,
          null,
          null
        ],
        [
          -2.2635882270839005,
          null,
          null
        ],
        [
          -1.0,
          null,
          null
        ],
        [
          2.7113589340927553,
          null,
          null
        ]
      ]
    },
    "fo11": {
      "t": 1.2571428571428571,
      "fo": [
        [
          0.1984388453743812,
          null,
          null
        ],
        [
          -2.2635882270839005,
          null,
          null
        ],
        [
          -1.0,
          null,
          null
        ],
        [
          2.9217220274003113,
          null,
          null
        ]
      ]
    },
    "fo12": {
      "t": 1.3714285714285714,
      "fo": [
        [
          0.1984388453743812,
          null,
          null
        ],
        [
          -2.2635882270839005,
          null,
          null
        ],
        [
          -1.0,
          null,
          null
        ],
        [
          3.1320851207078673,
          null,
          null
        ]
      ]
    },
    "fo13": {
      "t": 1.4857142857142858,
      "fo": [
        [
          0.1984388453743812,
          null,
          null
        ],
        [
          -2.2635882270839005,
          null,
          null
        ],
        [
          -1.0,
          null,
          null
        ],
        [
          3.3424482140154232,
          null,
          null
        ]
      ]
    },
    "fo14": {
      "t": 1.6,
      "fo": [
        [
          0.1984388453743812,
          null,
          null
        ],
        [
          -2.2635882270839005,
          null,
          null
        ],
        [
          -1.0,
          null,
          null
        ],
        [
          3.552811307322979,
          null,
          null
        ]
      ]
    },
    "fo15": {
      "t": 1.7142857142857142,
      "fo": [
        [
          0.1984388453743812,
          null,
          null
        ],
        [
          -2.2635882270839005,
          null,
          null
        ],
        [
          -1.0,
          null,
          null
        ],
        [
          3.7631744006305343,
          null,
          null
        ]
      ]
    },
    "fo16": {
      "t": 1.8285714285714285,
      "fo": [
        [
          0.1984388453743812,
          null,
          null
        ],
        [
          -2.2635882270839005,
          null,
          null
        ],
        [
          -1.0,
          null,
          null
        ],
        [
          3.9735374939380903,
          null,
          null
        ]
      ]
    },
    "fo17": {
      "t": 1.9428571428571428,
      "fo": [
        [
          0.1984388453743812,
          null,
          null
        ],
        [
          -2.2635882270839005,
          null,
          null
        ],
        [
          -1.0,
          null,
          null
        ],
        [
          4.183900587245646,
          null,
          null
        ]
      ]
    },
    "fo18": {
      "t": 2.057142857142857,
      "fo": [
        [
          0.1984388453743812,
          null,
          null
        ],
        [
          -2.2635882270839005,
          null,
          null
        ],
        [
          -1.0,
          null,
          null
        ],
        [
          4.394263680553202,
          null,
          null
        ]
      ]
    },
    "fo19": {
      "t": 2.1714285714285713,
      "fo": [
        [
          0.1984388453743812,
          null,
          null
        ],
        [
          -2.2635882270839005,
          null,
          null
        ],
        [
          -1.0,
          null,
          null
        ],
        [
          4.604626773860757,
          null,
          null
        ]
      ]
    },
    "fo20": {
      "t": 2.2857142857142856,