{
  "name": "loiter_spin_4.00",
  "Nco": 6,
  "keyframes": {
    "fo0": {
      "t": 0.0,
      "fo": [
        [
          -0.3505830280719021,
          0.0
        ],
        [
          -0.4500854228943697,
          0.0
        ],
        [
          -1.1,
          0.0
        ],
        [
          3.8343020153383613,
          2.312788087438938
        ]
      ]
    },
    "fo1": {
      "t": 0.11428571428571428,
      "fo": [
        [
          -0.3505830280719021,
          null,
          null
        ],
        [
          -0.4500854228943697,
          null,
          null
        ],
        [
          -1.1,
          null,
          null
        ],
        [
          3.5699833767739113,
          null,
          null
        ]
      ]
    },
    "fo2": {
      "t": 0.22857142857142856,
      "fo": [
        [
          -0.3505830280719021,
          null,
          null
        ],
        [
          -0.4500854228943697,
          null,
          null
        ],
        [
          -1.1,
          null,
          null
        ],
        [
          3.3056647382094613,
          null,
          null
        ]
      ]
    },
    "fo3": {
      "t": 0.34285714285714286,
      "fo": [
        [
          -0.3505830280719021,
          null,
          null
        ],
        [
          -0.4500854228943697,
          null,
          null
        ],
        [
          -1.1,
          null,
          null
        ],
        [
          3.0413460996450112,
          null,
          null
        ]
      ]
    },
    "fo4": {
      "t": 0.45714285714285713,
      "fo": [
        [
          -0.3505830280719021,
          null,
          null
        ],
        [
          -0.4500854228943697,
          null,
          null
        ],
        [
          -1.1,
          null,
          null
        ],
        [
          2.7770274610805608,
          null,
          null
        ]
      ]
    },
    "fo5": {
      "t": 0.5714285714285714,
      "fo": [
        [
          -0.3505830280719021,
          null,
          null
        ],
        [
          -0.4500854228943697,
          null,
          null
        ],
        [
          -1.1,
          null,
          null
        ],
        [
          2.512708822516111,
          null,
          null
        ]
      ]
    },
    "fo6": {
      "t": 0.6857142857142857,
      "fo": [
        [
          -0.3505830280719021,
          null,
          null
        ],
        [
          -0.4500854228943697,
          null,
          null
        ],
        [
          -1.1,
          null,
          null
        ],
        [
          2.2483901839516607,
          null,
          null
        ]
      ]
    },
    "fo7": {
      "t": 0.8,
      "fo": [
        [
          -0.3505830280719021,
          null,
          null
        ],
        [
          -0.4500854228943697,
          null,
          null
        ],
        [
          -1.1,
          null,
          null
        ],
        [
          1.9840715453872106,
          null,
          null
        ]
      ]
    },
    "fo8": {
      "t": 0.9142857142857143,
      "fo": [
        [
          -0.3505830280719021,
          null,
          null
        ],
        [
          -0.4500854228943697,
          null,
          null
        ],
        [
          -1.1,
          null,
          null
        ],
        [
          1.7197529068227606,
          null,
          null
        ]
      ]
    },
    "fo9": {
      "t": 1.0285714285714285,
      "fo": [
        [
          -0.3505830280719021,
          null,
          null
        ],
        [
          -0.4500854228943697,
          null,
          null
        ],
        [
          -1.1,
          null,
          null
        ],
        [
          1.455434268258311,
          null,
          null
        ]
      ]
    },
    "fo10": {
      "t": 1.1428571428571428,
      "fo": [
        [
          -0.3505830280719021,
          null,
          null
        ],
        [
          -0.4500854228943697,
          null,
          null
        ],
        [
          -1.1,
          null,
          null
        ],
        [
          1.1911156296938605,
          null,
          null
        ]
      ]
    },
    "fo11": {
      "t": 1.2571428571428571,
      "fo": [
        [
          -0.3505830280719021,
          null,
          null
        ],
        [
          -0.4500854228943697,
          null,
          null
        ],
        [
          -1.1,
          null,
          null
        ],
        [
          0.9267969911294105,
          null,
          null
        ]
      ]
    },
    "fo12": {
      "t": 1.3714285714285714,
      "fo": [
        [
          -0.3505830280719021,
          null,
          null
        ],
        [
          -0.4500854228943697,
          null,
          null
        ],
        [
          -1.1,
          null,
          null
        ],
        [
          0.6624783525649605,
          null,
          null
        ]
      ]
    },
    "fo13": {
      "t": 1.4857142857142858,
      "fo": [
        [
          -0.3505830280719021,
          null,
          null
        ],
        [
          -0.4500854228943697,
          null,
          null
        ],
        [
          -1.1,
          null,
          null
        ],
        [
          0.3981597140005104,
          null,
          null
        ]
      ]
    },
    "fo14": {
      "t": 1.6,
      "fo": [
        [
          -0.3505830280719021,
          null,
          null
        ],
        [
          -0.4500854228943697,
          null,
          null
        ],
        [
          -1.1,
          null,
          null
        ],
        [
          0.13384107543605994,
          null,
          null
        ]
      ]
    },
    "fo15": {
      "t": 1.7142857142857142,
      "fo": [
        [
          -0.3505830280719021,
          null,
          null
        ],
        [
          -0.4500854228943697,
          null,
          null
        ],
        [
          -1.1,
          null,
          null
        ],
        [
          -0.13047756312838965,
          null,
          null
        ]
      ]
    },
    "fo16": {
      "t": 1.8285714285714285,
      "fo": [
        [
          -0.3505830280719021,
          null,
          null
        ],
        [
          -0.4500854228943697,
          null,
          null
        ],
        [
          -1.1,
          null,
          null
        ],
        [
          -0.39479620169284013,
          null,
          null
        ]
      ]
    },
    "fo17": {
      "t": 1.9428571428571428,
      "fo": [
        [
          -0.3505830280719021,
          null,
          null
        ],
        [
          -0.4500854228943697,
          null,
          null
        ],
        [
          -1.1,
          null,
          null
        ],
        [
          -0.6591148402572897,
          null,
          null
        ]
      ]
    },
    "fo18": {
      "t": 2.057142857142857,
      "fo": [
        [
          -0.3505830280719021,
          null,
          null
        ],
        [
          -0.4500854228943697,
          null,
          null
        ],
        [
          -1.1,
          null,
          null
        ],
        [
          -0.9234334788217393,
          null,
          null
        ]
      ]
    },
    "fo19": {
      "t": 2.1714285714285713,
      "fo": [
        [
          -0.3505830280719021,
          null,
          null
        ],
        [
          -0.4500854228943697,
          null,
          null
        ],
        [
          -1.1,
          null,
          null
        ],
        [
          -1.1877521173861898,
          null,
          null
        ]
      ]
    },
    "fo20": {
      "t": 2.2857142857142856,