{
  "name": "loiter_spin_16.00",
  "Nco": 6,
  "keyframes": {
    "fo0": {
      "t": 0.0,
      "fo": [
        [
          3.8418736843954973,
          0.0
        ],
        [
          -1.2243565360129764,
          0.0
        ],
        [
          -0.8,
          0.0
        ],
        [
          5.868326319765728,
          1.809782661209476
        ]
      ]
    },
    "fo1": {
      "t": 0.11428571428571428,
      "fo": [
        [
          3.8418736843954973,
          null,
          null
        ],
        [
          -1.2243565360129764,
          null,
          null
        ],
        [
          -0.8,
          null,
          null
        ],
        [
          6.075158623903954,
          null,
          null
        ]
      ]
    },
    "fo2": {
      "t": 0.22857142857142856,
      "fo": [
        [
          3.8418736843954973,
          null,
          null
        ],
        [
          -1.2243565360129764,
          null,
          null
        ],
        [
          -0.8,
          null,
          null
        ],
        [
          6.28199092804218,
          null,
          null
        ]
      ]
    },
    "fo3": {
      "t": 0.34285714285714286,
      "fo": [
        [
          3.8418736843954973,
          null,
          null
        ],
        [
          -1.2243565360129764,
          null,
          null
        ],
        [
          -0.8,
          null,
          null
        ],
        [
          6.488823232180406,
          null,
          null
        ]
      ]
    },
    "fo4": {
      "t": 0.45714285714285713,
      "fo": [
        [
          3.8418736843954973,
          null,
          null
        ],
        [
          -1.2243565360129764,
          null,
          null
        ],
        [
          -0.8,
          null,
          null
        ],
        [
          6.695655536318632,
          null,
          null
        ]
      ]
    },
    "fo5": {
      "t": 0.5714285714285714,
      "fo": [
        [
          3.8418736843954973,
          null,
          null
        ],
        [
          -1.2243565360129764,
          null,
          null
        ],
        [
          -0.8,
          null,
          null
        ],
        [
          6.902487840456858,
          null,
          null
        ]
      ]
    },
    "fo6": {
      "t": 0.6857142857142857,
      "fo": [
        [
          3.8418736843954973,
          null,
          null
        ],
        [
          -1.2243565360129764,
          null,
          null
        ],
        [
          -0.8,
          null,
          null
        ],
        [
          7.109320144595083,
          null,
          null
        ]
      ]
    },
    "fo7": {
      "t": 0.8,
      "fo": [
        [
          3.8418736843954973,
          null,
          null
        ],
        [
          -1.2243565360129764,
          null,
          null
        ],
        [
          -0.8,
          null,
          null
        ],
        [
          7.316152448733309,
          null,
          null
        ]
      ]
    },
    "fo8": {
      "t": 0.9142857142857143,
      "fo": [
        [
          3.8418736843954973,
          null,
          null
        ],
        [
          -1.2243565360129764,
          null,
          null
        ],
        [
          -0.8,
          null,
          null
        ],
        [
          7.522984752871535,
          null,
          null
        ]
      ]
    },
    "fo9": {
      "t": 1.0285714285714285,
      "fo": [
        [
          3.8418736843954973,
          null,
          null
        ],
        [
          -1.2243565360129764,
          null,
          null
        ],
        [
          -0.8,
          null,
          null
        ],
        [
          7.729817057009761,
          null,
          null
        ]
      ]
    },
    "fo10": {
      "t": 1.1428571428571428,
      "fo": [
        [
          3.8418736843954973,
          null,
          null
        ],
        [
          -1.2243565360129764,
          null,
          null
        ],
        [
          -0.8,
          null,
          null
        ],
        [
          7.936649361147987,
          null,
          null
        ]
      ]
    },
    "fo11": {
      "t": 1.2571428571428571,
      "fo": [
        [
          3.8418736843954973,
          null,
          null
        ],
        [
          -1.2243565360129764,
          null,
          null
        ],
        [
          -0.8,
          null,
          null
        ],
        [
          8.143481665286213,
          null,
          null
        ]
      ]
    },
    "fo12": {
      "t": 1.3714285714285714,
      "fo": [
        [
          3.8418736843954973,
          null,
          null
        ],
        [
          -1.2243565360129764,
          null,
          null
        ],
        [
          -0.8,
          null,
          null
        ],
        [
          8.350313969424437,
          null,
          null
        ]
      ]
    },
    "fo13": {
      "t": 1.4857142857142858,
      "fo": [
        [
          3.8418736843954973,
          null,
          null
        ],
        [
          -1.2243565360129764,
          null,
          null
        ],
        [
          -0.8,
          null,
          null
        ],
        [
          8.557146273562665,
          null,
          null
        ]
      ]
    },
    "fo14": {
      "t": 1.6,
      "fo": [
        [
          3.8418736843954973,
          null,
          null
        ],
        [
          -1.2243565360129764,
          null,
          null
        ],
        [
          -0.8,
          null,
          null
        ],
        [
          8.76397857770089,
          null,
          null
        ]
      ]
    },
    "fo15": {
      "t": 1.7142857142857142,
      "fo": [
        [
          3.8418736843954973,
          null,
          null
        ],
        [
          -1.2243565360129764,
          null,
          null
        ],
        [
          -0.8,
          null,
          null
        ],
        [
          8.970810881839116,
          null,
          null
        ]
      ]
    },
    "fo16": {
      "t": 1.8285714285714285,
      "fo": [
        [
          3.8418736843954973,
          null,
          null
        ],
        [
          -1.2243565360129764,
          null,
          null
        ],
        [
          -0.8,
          null,
          null
        ],
        [
          9.177643185977342,
          null,
          null
        ]
      ]
    },
    "fo17": {
      "t": 1.9428571428571428,
      "fo": [
        [
          3.8418736843954973,
          null,
          null
        ],
        [
          -1.2243565360129764,
          null,
          null
        ],
        [
          -0.8,
          null,
          null
        ],
        [
          9.384475490115568,
          null,
          null
        ]
      ]
    },
    "fo18": {
      "t": 2.057142857142857,
      "fo": [
        [
          3.8418736843954973,
          null,
          null
        ],
        [
          -1.2243565360129764,
          null,
          null
        ],
        [
          -0.8,
          null,
          null
        ],
        [
          9.591307794253794,
          null,
          null
        ]
      ]
    },
    "fo19": {
      "t": 2.1714285714285713,
      "fo": [
        [
          3.8418736843954973,
          null,
          null
        ],
        [
          -1.2243565360129764,
          null,
          null
        ],
        [
          -0.8,
          null,
          null
        ],
        [
          9.798140098392018,
          null,
          null
        ]
      ]
    },
    "fo20": {
      "t": 2.2857142857142856,