{
  "name": "loiter_spin_0.00",
  "Nco": 6,
  "keyframes": {
    "fo0": {
      "t": 0.0,
      "fo": [
        [
          -3.8883039804267905,
          0.0
        ],
        [
          -0.8873540012176677,
          0.0
        ],
        [
          -1.0,
          0.0
        ],
        [
          2.291400748884963,
          2.270428903350334
        ]
      ]
    },
    "fo1": {
      "t": 0.11428571428571428,
      "fo": [
        [
          -3.8883039804267905,
          null,
          null
        ],
        [
          -0.8873540012176677,
          null,
          null
        ],
        [
          -1.0,
          null,
          null
        ],
        [
          2.031923159930639,
          null,
          null
        ]
      ]
    },
    "fo2": {
      "t": 0.22857142857142856,
      "fo": [
        [
          -3.8883039804267905,
          null,
          null
        ],
        [
          -0.8873540012176677,
          null,
          null
        ],
        [
          -1.0,
          null,
          null
        ],
        [
          1.772445570976315,
          null,
          null
        ]
      ]
    },
    "fo3": {
      "t": 0.34285714285714286,
      "fo": [
        [
          -3.8883039804267905,
          null,
          null
        ],
        [
          -0.8873540012176677,
          null,
          null
        ],
        [
          -1.0,
          null,
          null
        ],
        [
          1.512967982021991,
          null,
          null
        ]
      ]
    },
    "fo4": {
      "t": 0.45714285714285713,
      "fo": [
        [
          -3.8883039804267905,
          null,
          null
        ],
        [
          -0.8873540012176677,
          null,
          null
        ],
        [
          -1.0,
          null,
          null
        ],
        [
          1.2534903930676673,
          null,
          null
        ]
      ]
    },
    "fo5": {
      "t": 0.5714285714285714,
      "fo": [
        [
          -3.8883039804267905,
          null,
          null
        ],
        [
          -0.8873540012176677,
          null,
          null
        ],
        [
          -1.0,
          null,
          null
        ],
        [
          0.9940128041133434,
          null,
          null
        ]
      ]
    },
    "fo6": {
      "t": 0.6857142857142857,
      "fo": [
        [
          -3.8883039804267905,
          null,
          null
        ],
        [
          -0.8873540012176677,
          null,
          null
        ],
        [
          -1.0,
          null,
          null
        ],
        [
          0.7345352151590194,
          null,
          null
        ]
      ]
    },
    "fo7": {
      "t": 0.8,
      "fo": [
        [
          -3.8883039804267905,
          null,
          null
        ],
        [
          -0.8873540012176677,
          null,
          null
        ],
        [
          -1.0,
          null,
          null
        ],
        [
          0.4750576262046955,
          null,
          null
        ]
      ]
    },
    "fo8": {
      "t": 0.9142857142857143,
      "fo": [
        [
          -3.8883039804267905,
          null,
          null
        ],
        [
          -0.8873540012176677,
          null,
          null
        ],
        [
          -1.0,
          null,
          null
        ],
        [
          0.21558003725037178,
          null,
          null
        ]
      ]
    },
    "fo9": {
      "t": 1.0285714285714285,
      "fo": [
        [
          -3.8883039804267905,
          null,
          null
        ],
        [
          -0.8873540012176677,
          null,
          null
        ],
        [
          -1.0,
          null,
          null
        ],
        [
          -0.04389755170395171,
          null,
          null
        ]
      ]
    },
    "fo10": {
      "t": 1.1428571428571428,
      "fo": [
        [
          -3.8883039804267905,
          null,
          null
        ],
        [
          -0.8873540012176677,
          null,
          null
        ],
        [
          -1.0,
          null,
          null
        ],
        [
          -0.3033751406582761,
          null,
          null
        ]
      ]
    },
    "fo11": {
      "t": 1.2571428571428571,
      "fo": [
        [
          -3.8883039804267905,
          null,
          null
        ],
        [
          -0.8873540012176677,
          null,
          null
        ],
        [
          -1.0,
          null,
          null
        ],
        [
          -0.5628527296126,
          null,
          null
        ]
      ]
    },
    "fo12": {
      "t": 1.3714285714285714,
      "fo": [
        [
          -3.8883039804267905,
          null,
          null
        ],
        [
          -0.8873540012176677,
          null,
          null
        ],
        [
          -1.0,
          null,
          null
        ],
        [
          -0.822330318566924,
          null,
          null
        ]
      ]
    },
    "fo13": {
      "t": 1.4857142857142858,
      "fo": [
        [
          -3.8883039804267905,
          null,
          null
        ],
        [
          -0.8873540012176677,
          null,
          null
        ],
        [
          -1.0,
          null,
          null
        ],
        [
          -1.081807907521248,
          null,
          null
        ]
      ]
    },
    "fo14": {
      "t": 1.6,
      "fo": [
        [
          -3.8883039804267905,
          null,
          null
        ],
        [
          -0.8873540012176677,
          null,
          null
        ],
        [
          -1.0,
          null,
          null
        ],
        [
          -1.3412854964755718,
          null,
          null
        ]
      ]
    },
    "fo15": {
      "t": 1.7142857142857142,
      "fo": [
        [
          -3.8883039804267905,
          null,
          null
        ],
        [
          -0.8873540012176677,
          null,
          null
        ],
        [
          -1.0,
          null,
          null
        ],
        [
          -1.6007630854298953,
          null,
          null
        ]
      ]
    },
    "fo16": {
      "t": 1.8285714285714285,
      "fo": [
        [
          -3.8883039804267905,
          null,
          null
        ],
        [
          -0.8873540012176677,
          null,
          null
        ],
        [
          -1.0,
          null,
          null
        ],
        [
          -1.8602406743842193,
          null,
          null
        ]
      ]
    },
    "fo17": {
      "t": 1.9428571428571428,
      "fo": [
        [
          -3.8883039804267905,
          null,
          null
        ],
        [
          -0.8873540012176677,
          null,
          null
        ],
        [
          -1.0,
          null,
          null
        ],
        [
          -2.119718263338543,
          null,
          null
        ]
      ]
    },
    "fo18": {
      "t": 2.057142857142857,
      "fo": [
        [
          -3.8883039804267905,
          null,
          null
        ],
        [
          -0.8873540012176677,
          null,
          null
        ],
        [
          -1.0,
          null,
          null
        ],
        [
          -2.3791958522928662,
          null,
          null
        ]
      ]
    },
    "fo19": {
      "t": 2.1714285714285713,
      "fo": [
        [
          -3.8883039804267905,
          null,
          null
        ],
        [
          -0.8873540012176677,
          null,
          null
        ],
        [
          -1.0,
          null,
          null
        ],
        [
          -2.63867344124719,
          null,
          null
        ]
      ]
    },
    "fo20": {
      "t": 2.2857142857142856,