{
  "name": "loiter_spin_14.00",
  "Nco": 6,
  "keyframes": {
    "fo0": {
      "t": 0.0,
      "fo": [
        [
          3.828896945141577,
          0.0
        ],
        [
          -1.1251402734557867,
          0.0
        ],
        [
          -0.8,
          0.0
        ],
        [
          4.234405083773071,
          2.210645012870085
        ]
      ]
    },
    "fo1": {
      "t": 0.11428571428571428,
      "fo": [
        [
          3.828896945141577,
          null,
          null
        ],
        [
          -1.1251402734557867,
          null,
          null
        ],
        [
          -0.8,
          null,
          null
        ],
        [
          4.48705022810108,
          null,
          null
        ]
      ]
    },
    "fo2": {
      "t": 0.22857142857142856,
      "fo": [
        [
          3.828896945141577,
          null,
          null
        ],
        [
          -1.1251402734557867,
          null,
          null
        ],
        [
          -0.8,
          null,
          null
        ],
        [
          4.7396953724290904,
          null,
          null
        ]
      ]
    },
    "fo3": {
      "t": 0.34285714285714286,
      "fo": [
        [
          3.828896945141577,
          null,
          null
        ],
        [
          -1.1251402734557867,
          null,
          null
        ],
        [
          -0.8,
          null,
          null
        ],
        [
          4.9923405167571,
          null,
          null
        ]
      ]
    },
    "fo4": {
      "t": 0.45714285714285713,
      "fo": [
        [
          3.828896945141577,
          null,
          null
        ],
        [
          -1.1251402734557867,
          null,
          null
        ],
        [
          -0.8,
          null,
          null
        ],
        [
          5.24498566108511,
          null,
          null
        ]
      ]
    },
    "fo5": {
      "t": 0.5714285714285714,
      "fo": [
        [
          3.828896945141577,
          null,
          null
        ],
        [
          -1.1251402734557867,
          null,
          null
        ],
        [
          -0.8,
          null,
          null
        ],
        [
          5.497630805413119,
          null,
          null
        ]
      ]
    },
    "fo6": {
      "t": 0.6857142857142857,
      "fo": [
        [
          3.828896945141577,
          null,
          null
        ],
        [
          -1.1251402734557867,
          null,
          null
        ],
        [
          -0.8,
          null,
          null
        ],
        [
          5.750275949741129,
          null,
          null
        ]
      ]
    },
    "fo7": {
      "t": 0.8,
      "fo": [
        [
          3.828896945141577,
          null,
          null
        ],
        [
          -1.1251402734557867,
          null,
          null
        ],
        [
          -0.8,
          null,
          null
        ],
        [
          6.002921094069139,
          null,
          null
        ]
      ]
    },
    "fo8": {
      "t": 0.9142857142857143,
      "fo": [
        [
          3.828896945141577,
          null,
          null
        ],
        [
          -1.1251402734557867,
          null,
          null
        ],
        [
          -0.8,
          null,
          null
        ],
        [
          6.255566238397149,
          null,
          null
        ]
      ]
    },
    "fo9": {
      "t": 1.0285714285714285,
      "fo": [
        [
          3.828896945141577,
          null,
          null
        ],
        [
          -1.1251402734557867,
          null,
          null
        ],
        [
          -0.8,
          null,
          null
        ],
        [
          6.5082113827251575,
          null,
          null
        ]
      ]
    },
    "fo10": {
      "t": 1.1428571428571428,
      "fo": [
        [
          3.828896945141577,
          null,
          null
        ],
        [
          -1.1251402734557867,
          null,
          null
        ],
        [
          -0.8,
          null,
          null
        ],
        [
          6.760856527053168,
          null,
          null
        ]
      ]
    },
    "fo11": {
      "t": 1.2571428571428571,
      "fo": [
        [
          3.828896945141577,
          null,
          null
        ],
        [
          -1.1251402734557867,
          null,
          null
        ],
        [
          -0.8,
          null,
          null
        ],
        [
          7.013501671381178,
          null,
          null
        ]
      ]
    },
    "fo12": {
      "t": 1.3714285714285714,
      "fo": [
        [
          3.828896945141577,
          null,
          null
        ],
        [
          -1.1251402734557867,
          null,
          null
        ],
        [
          -0.8,
          null,
          null
        ],
        [
          7.266146815709187,
          null,
          null
        ]
      ]
    },
    "fo13": {
      "t": 1.4857142857142858,
      "fo": [
        [
          3.828896945141577,
          null,
          null
        ],
        [
          -1.1251402734557867,
          null,
          null
        ],
        [
          -0.8,
          null,
          null
        ],
        [
          7.518791960037197,
          null,
          null
        ]
      ]
    },
    "fo14": {
      "t": 1.6,
      "fo": [
        [
          3.828896945141577,
          null,
          null
        ],
        [
          -1.1251402734557867,
          null,
          null
        ],
        [
          -0.8,
          null,
          null
        ],
        [
          7.771437104365207,
          null,
          null
        ]
      ]
    },
    "fo15": {
      "t": 1.7142857142857142,
      "fo": [
        [
          3.828896945141577,
          null,
          null
        ],
        [
          -1.1251402734557867,
          null,
          null
        ],
        [
          -0.8,
          null,
          null
        ],
        [
          8.024082248693215,
          null,
          null
        ]
      ]
    },
    "fo16": {
      "t": 1.8285714285714285,
      "fo": [
        [
          3.828896945141577,
          null,
          null
        ],
        [
          -1.1251402734557867,
          null,
          null
        ],
        [
          -0.8,
          null,
          null
        ],
        [
          8.276727393021226,
          null,
          null
        ]
      ]
    },
    "fo17": {
      "t": 1.9428571428571428,
      "fo": [
        [
          3.828896945141577,
          null,
          null
        ],
        [
          -1.1251402734557867,
          null,
          null
        ],
        [
          -0.8,
          null,
          null
        ],
        [
          8.529372537349236,
          null,
          null
        ]
      ]
    },
    "fo18": {
      "t": 2.057142857142857,
      "fo": [
        [
          3.828896945141577,
          null,
          null
        ],
        [
          -1.1251402734557867,
          null,
          null
        ],
        [
          -0.8,
          null,
          null
        ],
        [
          8.782017681677246,
          null,
          null
        ]
      ]
    },
    "fo19": {
      "t": 2.1714285714285713,
      "fo": [
        [
          3.828896945141577,
          null,
          null
        ],
        [
          -1.1251402734557867,
          null,
          null
        ],
        [
          -0.8,
          null,
          null
        ],
        [
          9.034662826005256,
          null,
          null
        ]
      ]
    },
    "fo20": {
      "t": 2.2857142857142856,