{
  "name": "loiter_spin_2.00",
  "Nco": 6,
  "keyframes": {
    "fo0": {
      "t": 0.0,
      "fo": [
        [
          -0.5668840024198136,
          0.0
        ],
        [
          4.159887904507839,
          0.0
        ],
        [
          -1.1,
          0.0
        ],
        [
          1.6455558057438648,
          1.7902888959632437
        ]
      ]
    },
    "fo1": {
      "t": 0.11428571428571428,
      "fo": [
        [
          -0.5668840024198136,
          null,
          null
        ],
        [
          4.159887904507839,
          null,
          null
        ],
        [
          -1.1,
          null,
          null
        ],
        [
          1.850160250996807,
          null,
          null
        ]
      ]
    },
    "fo2": {
      "t": 0.22857142857142856,
      "fo": [
        [
          -0.5668840024198136,
          null,
          null
        ],
        [
          4.159887904507839,
          null,
          null
        ],
        [
          -1.1,
          null,
          null
        ],
        [
          2.054764696249749,
          null,
          null
        ]
      ]
    },
    "fo3": {
      "t": 0.34285714285714286,
      "fo": [
        [
          -0.5668840024198136,
          null,
          null
        ],
        [
          4.159887904507839,
          null,
          null
        ],
        [
          -1.1,
          null,
          null
        ],
        [
          2.2593691415026913,
          null,
          null
        ]
      ]
    },
    "fo4": {
      "t": 0.45714285714285713,
      "fo": [
        [
          -0.5668840024198136,
          null,
          null
        ],
        [
          4.159887904507839,
          null,
          null
        ],
        [
          -1.1,
          null,
          null
        ],
        [
          2.4639735867556336,
          null,
          null
        ]
      ]
    },
    "fo5": {
      "t": 0.5714285714285714,
      "fo": [
        [
          -0.5668840024198136,
          null,
          null
        ],
        [
          4.159887904507839,
          null,
          null
        ],
        [
          -1.1,
          null,
          null
        ],
        [
          2.6685780320085755,
          null,
          null
        ]
      ]
    },
    "fo6": {
      "t": 0.6857142857142857,
      "fo": [
        [
          -0.5668840024198136,
          null,
          null
        ],
        [
          4.159887904507839,
          null,
          null
        ],
        [
          -1.1,
          null,
          null
        ],
        [
          2.8731824772615178,
          null,
          null
        ]
      ]
    },
    "fo7": {
      "t": 0.8,
      "fo": [
        [
          -0.5668840024198136,
          null,
          null
        ],
        [
          4.159887904507839,
          null,
          null
        ],
        [
          -1.1,
          null,
          null
        ],
        [
          3.07778692251446,
          null,
          null
        ]
      ]
    },
    "fo8": {
      "t": 0.9142857142857143,
      "fo": [
        [
          -0.5668840024198136,
          null,
          null
        ],
        [
          4.159887904507839,
          null,
          null
        ],
        [
          -1.1,
          null,
          null
        ],
        [
          3.282391367767402,
          null,
          null
        ]
      ]
    },
    "fo9": {
      "t": 1.0285714285714285,
      "fo": [
        [
          -0.5668840024198136,
          null,
          null
        ],
        [
          4.159887904507839,
          null,
          null
        ],
        [
          -1.1,
          null,
          null
        ],
        [
          3.486995813020344,
          null,
          null
        ]
      ]
    },
    "fo10": {
      "t": 1.1428571428571428,
      "fo": [
        [
          -0.5668840024198136,
          null,
          null
        ],
        [
          4.159887904507839,
          null,
          null
        ],
        [
          -1.1,
          null,
          null
        ],
        [
          3.691600258273286,
          null,
          null
        ]
      ]
    },
    "fo11": {
      "t": 1.2571428571428571,
      "fo": [
        [
          -0.5668840024198136,
          null,
          null
        ],
        [
          4.159887904507839,
          null,
          null
        ],
        [
          -1.1,
          null,
          null
        ],
        [
          3.8962047035262284,
          null,
          null
        ]
      ]
    },
    "fo12": {
      "t": 1.3714285714285714,
      "fo": [
        [
          -0.5668840024198136,
          null,
          null
        ],
        [
          4.159887904507839,
          null,
          null
        ],
        [
          -1.1,
          null,
          null
        ],
        [
          4.10080914877917,
          null,
          null
        ]
      ]
    },
    "fo13": {
      "t": 1.4857142857142858,
      "fo": [
        [
          -0.5668840024198136,
          null,
          null
        ],
        [
          4.159887904507839,
          null,
          null
        ],
        [
          -1.1,
          null,
          null
        ],
        [
          4.305413594032112,
          null,
          null
        ]
      ]
    },
    "fo14": {
      "t": 1.6,
      "fo": [
        [
          -0.5668840024198136,
          null,
          null
        ],
        [
          4.159887904507839,
          null,
          null
        ],
        [
          -1.1,
          null,
          null
        ],
        [
          4.510018039285055,
          null,
          null
        ]
      ]
    },
    "fo15": {
      "t": 1.7142857142857142,
      "fo": [
        [
          -0.5668840024198136,
          null,
          null
        ],
        [
          4.159887904507839,
          null,
          null
        ],
        [
          -1.1,
          null,
          null
        ],
        [
          4.714622484537997,
          null,
          null
        ]
      ]
    },
    "fo16": {
      "t": 1.8285714285714285,
      "fo": [
        [
          -0.5668840024198136,
          null,
          null
        ],
        [
          4.159887904507839,
          null,
          null
        ],
        [
          -1.1,
          null,
          null
        ],
        [
          4.9192269297909395,
          null,
          null
        ]
      ]
    },
    "fo17": {
      "t": 1.9428571428571428,
      "fo": [
        [
          -0.5668840024198136,
          null,
          null
        ],
        [
          4.159887904507839,
          null,
          null
        ],
        [
          -1.1,
          null,
          null
        ],
        [
          5.123831375043881,
          null,
          null
        ]
      ]
    },
    "fo18": {
      "t": 2.057142857142857,
      "fo": [
        [
          -0.5668840024198136,
          null,
          null
        ],
        [
          4.159887904507839,
          null,
          null
        ],
        [
          -1.1,
          null,
          null
        ],
        [
          5.328435820296823,
          null,
          null
        ]
      ]
    },
    "fo19": {
      "t": 2.1714285714285713,
      "fo": [
        [
          -0.5668840024198136,
          null,
          null
        ],
        [
          4.159887904507839,
          null,
          null
        ],
        [
          -1.1,
          null,
          null
        ],
        [
          5.533040265549765,
          null,
          null
        ]
      ]
    },
    "fo20": {
      "t": 2.2857142857142856,