{
  "name": "loiter_spin_4.00",
  "Nco": 6,
  "keyframes": {
    "fo0": {
      "t": 0.0,
      "fo": [
        [
          0.5072894276267341,
          0.0
        ],
        [
          0.22639346704011007,
          0.0
        ],
        [
          -1.1,
          0.0
        ],
        [
          3.2146482452357015,
          2.4211073595310824
        ]
      ]
    },
    "fo1": {
      "t": 0.11428571428571428,
      "fo": [
        [
          0.5072894276267341,
          null,
          null
        ],
        [
          0.22639346704011007,
          null,
          null
        ],
        [
          -1.1,
          null,
          null
        ],
        [
          3.4913462291821107,
          null,
          null
        ]
      ]
    },
    "fo2": {
      "t": 0.22857142857142856,
      "fo": [
        [
          0.5072894276267341,
          null,
          null
        ],
        [
          0.22639346704011007,
          null,
          null
        ],
        [
          -1.1,
          null,
          null
        ],
        [
          3.7680442131285203,
          null,
          null
        ]
      ]
    },
    "fo3": {
      "t": 0.34285714285714286,
      "fo": [
        [
          0.5072894276267341,
          null,
          null
        ],
        [
          0.22639346704011007,
          null,
          null
        ],
        [
          -1.1,
          null,
          null
        ],
        [
          4.04474219707493,
          null,
          null
        ]
      ]
    },
    "fo4": {
      "t": 0.45714285714285713,
      "fo": [
        [
          0.5072894276267341,
          null,
          null
        ],
        [
          0.22639346704011007,
          null,
          null
        ],
        [
          -1.1,
          null,
          null
        ],
        [
          4.321440181021339,
          null,
          null
        ]
      ]
    },
    "fo5": {
      "t": 0.5714285714285714,
      "fo": [
        [
          0.5072894276267341,
          null,
          null
        ],
        [
          0.22639346704011007,
          null,
          null
        ],
        [
          -1.1,
          null,
          null
        ],
        [
          4.598138164967748,
          null,
          null
        ]
      ]
    },
    "fo6": {
      "t": 0.6857142857142857,
      "fo": [
        [
          0.5072894276267341,
          null,
          null
        ],
        [
          0.22639346704011007,
          null,
          null
        ],
        [
          -1.1,
          null,
          null
        ],
        [
          4.874836148914158,
          null,
          null
        ]
      ]
    },
    "fo7": {
      "t": 0.8,
      "fo": [
        [
          0.5072894276267341,
          null,
          null
        ],
        [
          0.22639346704011007,
          null,
          null
        ],
        [
          -1.1,
          null,
          null
        ],
        [
          5.151534132860568,
          null,
          null
        ]
      ]
    },
    "fo8": {
      "t": 0.9142857142857143,
      "fo": [
        [
          0.5072894276267341,
          null,
          null
        ],
        [
          0.22639346704011007,
          null,
          null
        ],
        [
          -1.1,
          null,
          null
        ],
        [
          5.428232116806977,
          null,
          null
        ]
      ]
    },
    "fo9": {
      "t": 1.0285714285714285,
      "fo": [
        [
          0.5072894276267341,
          null,
          null
        ],
        [
          0.22639346704011007,
          null,
          null
        ],
        [
          -1.1,
          null,
          null
        ],
        [
          5.704930100753386,
          null,
          null
        ]
      ]
    },
    "fo10": {
      "t": 1.1428571428571428,
      "fo": [
        [
          0.5072894276267341,
          null,
          null
        ],
        [
          0.22639346704011007,
          null,
          null
        ],
        [
          -1.1,
          null,
          null
        ],
        [
          5.981628084699795,
          null,
          null
        ]
      ]
    },
    "fo11": {
      "t": 1.2571428571428571,
      "fo": [
        [
          0.5072894276267341,
          null,
          null
        ],
        [
          0.22639346704011007,
          null,
          null
        ],
        [
          -1.1,
          null,
          null
        ],
        [
          6.258326068646205,
          null,
          null
        ]
      ]
    },
    "fo12": {
      "t": 1.3714285714285714,
      "fo": [
        [
          0.5072894276267341,
          null,
          null
        ],
        [
          0.22639346704011007,
          null,
          null
        ],
        [
          -1.1,
          null,
          null
        ],
        [
          6.535024052592615,
          null,
          null
        ]
      ]
    },
    "fo13": {
      "t": 1.4857142857142858,
      "fo": [
        [
          0.5072894276267341,
          null,
          null
        ],
        [
          0.22639346704011007,
          null,
          null
        ],
        [
          -1.1,
          null,
          null
        ],
        [
          6.811722036539024,
          null,
          null
        ]
      ]
    },
    "fo14": {
      "t": 1.6,
      "fo": [
        [
          0.5072894276267341,
          null,
          null
        ],
        [
          0.22639346704011007,
          null,
          null
        ],
        [
          -1.1,
          null,
          null
        ],
        [
          7.088420020485433,
          null,
          null
        ]
      ]
    },
    "fo15": {
      "t": 1.7142857142857142,
      "fo": [
        [
          0.5072894276267341,
          null,
          null
        ],
        [
          0.22639346704011007,
          null,
          null
        ],
        [
          -1.1,
          null,
          null
        ],
        [
          7.365118004431842,
          null,
          null
        ]
      ]
    },
    "fo16": {
      "t": 1.8285714285714285,
      "fo": [
        [
          0.5072894276267341,
          null,
          null
        ],
        [
          0.22639346704011007,
          null,
          null
        ],
        [
          -1.1,
          null,
          null
        ],
        [
          7.641815988378252,
          null,
          null
        ]
      ]
    },
    "fo17": {
      "t": 1.9428571428571428,
      "fo": [
        [
          0.5072894276267341,
          null,
          null
        ],
        [
          0.22639346704011007,
          null,
          null
        ],
        [
          -1.1,
          null,
          null
        ],
        [
          7.918513972324662,
          null,
          null
        ]
      ]
    },
    "fo18": {
      "t": 2.057142857142857,
      "fo": [
        [
          0.5072894276267341,
          null,
          null
        ],
        [
          0.22639346704011007,
          null,
          null
        ],
        [
          -1.1,
          null,
          null
        ],
        [
          8.19521195627107,
          null,
          null
        ]
      ]
    },
    "fo19": {
      "t": 2.1714285714285713,
      "fo": [
        [
          0.5072894276267341,
          null,
          null
        ],
        [
          0.22639346704011007,
          null,
          null
        ],
        [
          -1.1,
          null,
          null
        ],
        [
          8.47190994021748,
          null,
          null
        ]
      ]
    },
    "fo20": {
      "t": 2.2857142857142856,