{
  "name": "loiter_spin_14.00",
  "Nco": 6,
  "keyframes": {
    "fo0": {
      "t": 0.0,
      "fo": [
        [
          1.9517512269490802,
          0.0
        ],
        [
          -1.9062191841869365,
          0.0
        ],
        [
          -0.8,
          0.0
        ],
        [
          1.1166764896939967,
          2.0314596350774297
        ]
      ]
    },
    "fo1": {
      "t": 0.11428571428571428,
      "fo": [
        [
          1.9517512269490802,
          null,
          null
        ],
        [
          -1.9062191841869365,
          null,
          null
        ],
        [
          -0.8,
          null,
          null
        ],
        [
          0.8845096742565761,
          null,
          null
        ]
      ]
    },
    "fo2": {
      "t": 0.22857142857142856,
      "fo": [
        [
          1.9517512269490802,
          null,
          null
        ],
        [
          -1.9062191841869365,
          null,
          null
        ],
        [
          -0.8,
          null,
          null
        ],
        [
          0.6523428588191557,
          null,
          null
        ]
      ]
    },
    "fo3": {
      "t": 0.34285714285714286,
      "fo": [
        [
          1.9517512269490802,
          null,
          null
        ],
        [
          -1.9062191841869365,
          null,
          null
        ],
        [
          -0.8,
          null,
          null
        ],
        [
          0.4201760433817351,
          null,
          null
        ]
      ]
    },
    "fo4": {
      "t": 0.45714285714285713,
      "fo": [
        [
          1.9517512269490802,
          null,
          null
        ],
        [
          -1.9062191841869365,
          null,
          null
        ],
        [
          -0.8,
          null,
          null
        ],
        [
          0.18800922794431463,
          null,
          null
        ]
      ]
    },
    "fo5": {
      "t": 0.5714285714285714,
      "fo": [
        [
          1.9517512269490802,
          null,
          null
        ],
        [
          -1.9062191841869365,
          null,
          null
        ],
        [
          -0.8,
          null,
          null
        ],
        [
          -0.04415758749310594,
          null,
          null
        ]
      ]
    },
    "fo6": {
      "t": 0.6857142857142857,
      "fo": [
        [
          1.9517512269490802,
          null,
          null
        ],
        [
          -1.9062191841869365,
          null,
          null
        ],
        [
          -0.8,
          null,
          null
        ],
        [
          -0.2763244029305265,
          null,
          null
        ]
      ]
    },
    "fo7": {
      "t": 0.8,
      "fo": [
        [
          1.9517512269490802,
          null,
          null
        ],
        [
          -1.9062191841869365,
          null,
          null
        ],
        [
          -0.8,
          null,
          null
        ],
        [
          -0.5084912183679471,
          null,
          null
        ]
      ]
    },
    "fo8": {
      "t": 0.9142857142857143,
      "fo": [
        [
          1.9517512269490802,
          null,
          null
        ],
        [
          -1.9062191841869365,
          null,
          null
        ],
        [
          -0.8,
          null,
          null
        ],
        [
          -0.7406580338053674,
          null,
          null
        ]
      ]
    },
    "fo9": {
      "t": 1.0285714285714285,
      "fo": [
        [
          1.9517512269490802,
          null,
          null
        ],
        [
          -1.9062191841869365,
          null,
          null
        ],
        [
          -0.8,
          null,
          null
        ],
        [
          -0.972824849242788,
          null,
          null
        ]
      ]
    },
    "fo10": {
      "t": 1.1428571428571428,
      "fo": [
        [
          1.9517512269490802,
          null,
          null
        ],
        [
          -1.9062191841869365,
          null,
          null
        ],
        [
          -0.8,
          null,
          null
        ],
        [
          -1.2049916646802086,
          null,
          null
        ]
      ]
    },
    "fo11": {
      "t": 1.2571428571428571,
      "fo": [
        [
          1.9517512269490802,
          null,
          null
        ],
        [
          -1.9062191841869365,
          null,
          null
        ],
        [
          -0.8,
          null,
          null
        ],
        [
          -1.4371584801176291,
          null,
          null
        ]
      ]
    },
    "fo12": {
      "t": 1.3714285714285714,
      "fo": [
        [
          1.9517512269490802,
          null,
          null
        ],
        [
          -1.9062191841869365,
          null,
          null
        ],
        [
          -0.8,
          null,
          null
        ],
        [
          -1.6693252955550497,
          null,
          null
        ]
      ]
    },
    "fo13": {
      "t": 1.4857142857142858,
      "fo": [
        [
          1.9517512269490802,
          null,
          null
        ],
        [
          -1.9062191841869365,
          null,
          null
        ],
        [
          -0.8,
          null,
          null
        ],
        [
          -1.9014921109924703,
          null,
          null
        ]
      ]
    },
    "fo14": {
      "t": 1.6,
      "fo": [
        [
          1.9517512269490802,
          null,
          null
        ],
        [
          -1.9062191841869365,
          null,
          null
        ],
        [
          -0.8,
          null,
          null
        ],
        [
          -2.1336589264298906,
          null,
          null
        ]
      ]
    },
    "fo15": {
      "t": 1.7142857142857142,
      "fo": [
        [
          1.9517512269490802,
          null,
          null
        ],
        [
          -1.9062191841869365,
          null,
          null
        ],
        [
          -0.8,
          null,
          null
        ],
        [
          -2.3658257418673108,
          null,
          null
        ]
      ]
    },
    "fo16": {
      "t": 1.8285714285714285,
      "fo": [
        [
          1.9517512269490802,
          null,
          null
        ],
        [
          -1.9062191841869365,
          null,
          null
        ],
        [
          -0.8,
          null,
          null
        ],
        [
          -2.5979925573047318,
          null,
          null
        ]
      ]
    },
    "fo17": {
      "t": 1.9428571428571428,
      "fo": [
        [
          1.9517512269490802,
          null,
          null
        ],
        [
          -1.9062191841869365,
          null,
          null
        ],
        [
          -0.8,
          null,
          null
        ],
        [
          -2.830159372742152,
          null,
          null
        ]
      ]
    },
    "fo18": {
      "t": 2.057142857142857,
      "fo": [
        [
          1.9517512269490802,
          null,
          null
        ],
        [
          -1.9062191841869365,
          null,
          null
        ],
        [
          -0.8,
          null,
          null
        ],
        [
          -3.062326188179573,
          null,
          null
        ]
      ]
    },
    "fo19": {
      "t": 2.1714285714285713,
      "fo": [
        [
          1.9517512269490802,
          null,
          null
        ],
        [
          -1.9062191841869365,
          null,
          null
        ],
        [
          -0.8,
          null,
          null
        ],
        [
          -3.294493003616993,
          null,
          null
        ]
      ]
    },
    "fo20": {
      "t": 2.2857142857142856,