{
  "name": "loiter_spin_10.00",
  "Nco": 6,
  "keyframes": {
    "fo0": {
      "t": 0.0,
      "fo": [
        [
          -0.8698787635782416,
          0.0
        ],
        [
          -3.2229403908949164,
          0.0
        ],
        [
          -1.0,
          0.0
        ],
        [
          2.449494197807382,
          2.269493337857873
        ]
      ]
    },
    "fo1": {
      "t": 0.11428571428571428,
      "fo": [
        [
          -0.8698787635782416,
          null,
          null
        ],
        [
          -3.2229403908949164,
          null,
          null
        ],
        [
          -1.0,
          null,
          null
        ],
        [
          2.708864864991139,
          null,
          null
        ]
      ]
    },
    "fo2": {
      "t": 0.22857142857142856,
      "fo": [
        [
          -0.8698787635782416,
          null,
          null
        ],
        [
          -3.2229403908949164,
          null,
          null
        ],
        [
          -1.0,
          null,
          null
        ],
        [
          2.968235532174896,
          null,
          null
        ]
      ]
    },
    "fo3": {
      "t": 0.34285714285714286,
      "fo": [
        [
          -0.8698787635782416,
          null,
          null
        ],
        [
          -3.2229403908949164,
          null,
          null
        ],
        [
          -1.0,
          null,
          null
        ],
        [
          3.227606199358653,
          null,
          null
        ]
      ]
    },
    "fo4": {
      "t": 0.45714285714285713,
      "fo": [
        [
          -0.8698787635782416,
          null,
          null
        ],
        [
          -3.2229403908949164,
          null,
          null
        ],
        [
          -1.0,
          null,
          null
        ],
        [
          3.4869768665424097,
          null,
          null
        ]
      ]
    },
    "fo5": {
      "t": 0.5714285714285714,
      "fo": [
        [
          -0.8698787635782416,
          null,
          null
        ],
        [
          -3.2229403908949164,
          null,
          null
        ],
        [
          -1.0,
          null,
          null
        ],
        [
          3.7463475337261665,
          null,
          null
        ]
      ]
    },
    "fo6": {
      "t": 0.6857142857142857,
      "fo": [
        [
          -0.8698787635782416,
          null,
          null
        ],
        [
          -3.2229403908949164,
          null,
          null
        ],
        [
          -1.0,
          null,
          null
        ],
        [
          4.005718200909923,
          null,
          null
        ]
      ]
    },
    "fo7": {
      "t": 0.8,
      "fo": [
        [
          -0.8698787635782416,
          null,
          null
        ],
        [
          -3.2229403908949164,
          null,
          null
        ],
        [
          -1.0,
          null,
          null
        ],
        [
          4.265088868093681,
          null,
          null
        ]
      ]
    },
    "fo8": {
      "t": 0.9142857142857143,
      "fo": [
        [
          -0.8698787635782416,
          null,
          null
        ],
        [
          -3.2229403908949164,
          null,
          null
        ],
        [
          -1.0,
          null,
          null
        ],
        [
          4.524459535277437,
          null,
          null
        ]
      ]
    },
    "fo9": {
      "t": 1.0285714285714285,
      "fo": [
        [
          -0.8698787635782416,
          null,
          null
        ],
        [
          -3.2229403908949164,
          null,
          null
        ],
        [
          -1.0,
          null,
          null
        ],
        [
          4.7838302024611945,
          null,
          null
        ]
      ]
    },
    "fo10": {
      "t": 1.1428571428571428,
      "fo": [
        [
          -0.8698787635782416,
          null,
          null
        ],
        [
          -3.2229403908949164,
          null,
          null
        ],
        [
          -1.0,
          null,
          null
        ],
        [
          5.043200869644951,
          null,
          null
        ]
      ]
    },
    "fo11": {
      "t": 1.2571428571428571,
      "fo": [
        [
          -0.8698787635782416,
          null,
          null
        ],
        [
          -3.2229403908949164,
          null,
          null
        ],
        [
          -1.0,
          null,
          null
        ],
        [
          5.302571536828708,
          null,
          null
        ]
      ]
    },
    "fo12": {
      "t": 1.3714285714285714,
      "fo": [
        [
          -0.8698787635782416,
          null,
          null
        ],
        [
          -3.2229403908949164,
          null,
          null
        ],
        [
          -1.0,
          null,
          null
        ],
        [
          5.561942204012465,
          null,
          null
        ]
      ]
    },
    "fo13": {
      "t": 1.4857142857142858,
      "fo": [
        [
          -0.8698787635782416,
          null,
          null
        ],
        [
          -3.2229403908949164,
          null,
          null
        ],
        [
          -1.0,
          null,
          null
        ],
        [
          5.821312871196222,
          null,
          null
        ]
      ]
    },
    "fo14": {
      "t": 1.6,
      "fo": [
        [
          -0.8698787635782416,
          null,
          null
        ],
        [
          -3.2229403908949164,
          null,
          null
        ],
        [
          -1.0,
          null,
          null
        ],
        [
          6.080683538379979,
          null,
          null
        ]
      ]
    },
    "fo15": {
      "t": 1.7142857142857142,
      "fo": [
        [
          -0.8698787635782416,
          null,
          null
        ],
        [
          -3.2229403908949164,
          null,
          null
        ],
        [
          -1.0,
          null,
          null
        ],
        [
          6.340054205563735,
          null,
          null
        ]
      ]
    },
    "fo16": {
      "t": 1.8285714285714285,
      "fo": [
        [
          -0.8698787635782416,
          null,
          null
        ],
        [
          -3.2229403908949164,
          null,
          null
        ],
        [
          -1.0,
          null,
          null
        ],
        [
          6.599424872747493,
          null,
          null
        ]
      ]
    },
    "fo17": {
      "t": 1.9428571428571428,
      "fo": [
        [
          -0.8698787635782416,
          null,
          null
        ],
        [
          -3.2229403908949164,
          null,
          null
        ],
        [
          -1.0,
          null,
          null
        ],
        [
          6.858795539931249,
          null,
          null
        ]
      ]
    },
    "fo18": {
      "t": 2.057142857142857,
      "fo": [
        [
          -0.8698787635782416,
          null,
          null
        ],
        [
          -3.2229403908949164,
          null,
          null
        ],
        [
          -1.0,
          null,
          null
        ],
        [
          7.1181662071150065,
          null,
          null
        ]
      ]
    },
    "fo19": {
      "t": 2.1714285714285713,
      "fo": [
        [
          -0.8698787635782416,
          null,
          null
        ],
        [
          -3.2229403908949164,
          null,
          null
        ],
        [
          -1.0,
          null,
          null
        ],
        [
          7.377536874298762,
          null,
          null
        ]
      ]
    },
    "fo20": {
      "t": 2.2857142857142856,