{
  "name": "loiter_spin_10.00",
  "Nco": 6,
  "keyframes": {
    "fo0": {
      "t": 0.0,
      "fo": [
        [
          -0.8911609244770958,
          0.0
        ],
        [
          4.297099374556082,
          0.0
        ],
        [
          -1.1,
          0.0
        ],
        [
          5.307372403018419,
          2.4130885890205693
        ]
      ]
    },
    "fo1": {
      "t": 0.11428571428571428,
      "fo": [
        [
          -0.8911609244770958,
          null,
          null
        ],
        [
          4.297099374556082,
          null,
          null
        ],
        [
          -1.1,
          null,
          null
        ],
        [
          5.58315395604934,
          null,
          null
        ]
      ]
    },
    "fo2": {
      "t": 0.22857142857142856,
      "fo": [
        [
          -0.8911609244770958,
          null,
          null
        ],
        [
          4.297099374556082,
          null,
          null
        ],
        [
          -1.1,
          null,
          null
        ],
        [
          5.858935509080263,
          null,
          null
        ]
      ]
    },
    "fo3": {
      "t": 0.34285714285714286,
      "fo": [
        [
          -0.8911609244770958,
          null,
          null
        ],
        [
          4.297099374556082,
          null,
          null
        ],
        [
          -1.1,
          null,
          null
        ],
        [
          6.134717062111186,
          null,
          null
        ]
      ]
    },
    "fo4": {
      "t": 0.45714285714285713,
      "fo": [
        [
          -0.8911609244770958,
          null,
          null
        ],
        [
          4.297099374556082,
          null,
          null
        ],
        [
          -1.1,
          null,
          null
        ],
        [
          6.4104986151421075,
          null,
          null
        ]
      ]
    },
    "fo5": {
      "t": 0.5714285714285714,
      "fo": [
        [
          -0.8911609244770958,
          null,
          null
        ],
        [
          4.297099374556082,
          null,
          null
        ],
        [
          -1.1,
          null,
          null
        ],
        [
          6.686280168173029,
          null,
          null
        ]
      ]
    },
    "fo6": {
      "t": 0.6857142857142857,
      "fo": [
        [
          -0.8911609244770958,
          null,
          null
        ],
        [
          4.297099374556082,
          null,
          null
        ],
        [
          -1.1,
          null,
          null
        ],
        [
          6.962061721203952,
          null,
          null
        ]
      ]
    },
    "fo7": {
      "t": 0.8,
      "fo": [
        [
          -0.8911609244770958,
          null,
          null
        ],
        [
          4.297099374556082,
          null,
          null
        ],
        [
          -1.1,
          null,
          null
        ],
        [
          7.237843274234875,
          null,
          null
        ]
      ]
    },
    "fo8": {
      "t": 0.9142857142857143,
      "fo": [
        [
          -0.8911609244770958,
          null,
          null
        ],
        [
          4.297099374556082,
          null,
          null
        ],
        [
          -1.1,
          null,
          null
        ],
        [
          7.513624827265796,
          null,
          null
        ]
      ]
    },
    "fo9": {
      "t": 1.0285714285714285,
      "fo": [
        [
          -0.8911609244770958,
          null,
          null
        ],
        [
          4.297099374556082,
          null,
          null
        ],
        [
          -1.1,
          null,
          null
        ],
        [
          7.789406380296718,
          null,
          null
        ]
      ]
    },
    "fo10": {
      "t": 1.1428571428571428,
      "fo": [
        [
          -0.8911609244770958,
          null,
          null
        ],
        [
          4.297099374556082,
          null,
          null
        ],
        [
          -1.1,
          null,
          null
        ],
        [
          8.06518793332764,
          null,
          null
        ]
      ]
    },
    "fo11": {
      "t": 1.2571428571428571,
      "fo": [
        [
          -0.8911609244770958,
          null,
          null
        ],
        [
          4.297099374556082,
          null,
          null
        ],
        [
          -1.1,
          null,
          null
        ],
        [
          8.340969486358564,
          null,
          null
        ]
      ]
    },
    "fo12": {
      "t": 1.3714285714285714,
      "fo": [
        [
          -0.8911609244770958,
          null,
          null
        ],
        [
          4.297099374556082,
          null,
          null
        ],
        [
          -1.1,
          null,
          null
        ],
        [
          8.616751039389484,
          null,
          null
        ]
      ]
    },
    "fo13": {
      "t": 1.4857142857142858,
      "fo": [
        [
          -0.8911609244770958,
          null,
          null
        ],
        [
          4.297099374556082,
          null,
          null
        ],
        [
          -1.1,
          null,
          null
        ],
        [
          8.892532592420407,
          null,
          null
        ]
      ]
    },
    "fo14": {
      "t": 1.6,
      "fo": [
        [
          -0.8911609244770958,
          null,
          null
        ],
        [
          4.297099374556082,
          null,
          null
        ],
        [
          -1.1,
          null,
          null
        ],
        [
          9.16831414545133,
          null,
          null
        ]
      ]
    },
    "fo15": {
      "t": 1.7142857142857142,
      "fo": [
        [
          -0.8911609244770958,
          null,
          null
        ],
        [
          4.297099374556082,
          null,
          null
        ],
        [
          -1.1,
          null,
          null
        ],
        [
          9.44409569848225,
          null,
          null
        ]
      ]
    },
    "fo16": {
      "t": 1.8285714285714285,
      "fo": [
        [
          -0.8911609244770958,
          null,
          null
        ],
        [
          4.297099374556082,
          null,
          null
        ],
        [
          -1.1,
          null,
          null
        ],
        [
          9.719877251513175,
          null,
          null
        ]
      ]
    },
    "fo17": {
      "t": 1.9428571428571428,
      "fo": [
        [
          -0.8911609244770958,
          null,
          null
        ],
        [
          4.297099374556082,
          null,
          null
        ],
        [
          -1.1,
          null,
          null
        ],
        [
          9.995658804544096,
          null,
          null
        ]
      ]
    },
    "fo18": {
      "t": 2.057142857142857,
      "fo": [
        [
          -0.8911609244770958,
          null,
          null
        ],
        [
          4.297099374556082,
          null,
          null
        ],
        [
          -1.1,
          null,
          null
        ],
        [
          10.271440357575017,
          null,
          null
        ]
      ]
    },
    "fo19": {
      "t": 2.1714285714285713,
      "fo": [
        [
          -0.8911609244770958,
          null,
          null
        ],
        [
          4.297099374556082,
          null,
          null
        ],
        [
          -1.1,
          null,
          null
        ],
        [
          10.547221910605941,
          null,
          null
        ]
      ]
    },
    "fo20": {
      "t": 2.2857142857142856,