{
  "name": "loiter_spin_4.00",
  "Nco": 6,
  "keyframes": {
    "fo0": {
      "t": 0.0,
      "fo": [
        [
          -0.6484156352499625,
          0.0
        ],
        [
          1.130635407039626,
          0.0
        ],
        [
          -1.0,
          0.0
        ],
        [
          4.491289400906372,
          1.7983091910110247
        ]
      ]
    },
    "fo1": {
      "t": 0.11428571428571428,
      "fo": [
        [
          -0.6484156352499625,
          null,
          null
        ],
        [
          1.130635407039626,
          null,
          null
        ],
        [
          -1.0,
          null,
          null
        ],
        [
          4.696810451307632,
          null,
          null
        ]
      ]
    },
    "fo2": {
      "t": 0.22857142857142856,
      "fo": [
        [
          -0.6484156352499625,
          null,
          null
        ],
        [
          1.130635407039626,
          null,
          null
        ],
        [
          -1.0,
          null,
          null
        ],
        [
          4.902331501708892,
          null,
          null
        ]
      ]
    },
    "fo3": {
      "t": 0.34285714285714286,
      "fo": [
        [
          -0.6484156352499625,
          null,
          null
        ],
        [
          1.130635407039626,
          null,
          null
        ],
        [
          -1.0,
          null,
          null
        ],
        [
          5.1078525521101525,
          null,
          null
        ]
      ]
    },
    "fo4": {
      "t": 0.45714285714285713,
      "fo": [
        [
          -0.6484156352499625,
          null,
          null
        ],
        [
          1.130635407039626,
          null,
          null
        ],
        [
          -1.0,
          null,
          null
        ],
        [
          5.313373602511412,
          null,
          null
        ]
      ]
    },
    "fo5": {
      "t": 0.5714285714285714,
      "fo": [
        [
          -0.6484156352499625,
          null,
          null
        ],
        [
          1.130635407039626,
          null,
          null
        ],
        [
          -1.0,
          null,
          null
        ],
        [
          5.518894652912672,
          null,
          null
        ]
      ]
    },
    "fo6": {
      "t": 0.6857142857142857,
      "fo": [
        [
          -0.6484156352499625,
          null,
          null
        ],
        [
          1.130635407039626,
          null,
          null
        ],
        [
          -1.0,
          null,
          null
        ],
        [
          5.724415703313932,
          null,
          null
        ]
      ]
    },
    "fo7": {
      "t": 0.8,
      "fo": [
        [
          -0.6484156352499625,
          null,
          null
        ],
        [
          1.130635407039626,
          null,
          null
        ],
        [
          -1.0,
          null,
          null
        ],
        [
          5.929936753715192,
          null,
          null
        ]
      ]
    },
    "fo8": {
      "t": 0.9142857142857143,
      "fo": [
        [
          -0.6484156352499625,
          null,
          null
        ],
        [
          1.130635407039626,
          null,
          null
        ],
        [
          -1.0,
          null,
          null
        ],
        [
          6.135457804116452,
          null,
          null
        ]
      ]
    },
    "fo9": {
      "t": 1.0285714285714285,
      "fo": [
        [
          -0.6484156352499625,
          null,
          null
        ],
        [
          1.130635407039626,
          null,
          null
        ],
        [
          -1.0,
          null,
          null
        ],
        [
          6.3409788545177115,
          null,
          null
        ]
      ]
    },
    "fo10": {
      "t": 1.1428571428571428,
      "fo": [
        [
          -0.6484156352499625,
          null,
          null
        ],
        [
          1.130635407039626,
          null,
          null
        ],
        [
          -1.0,
          null,
          null
        ],
        [
          6.546499904918972,
          null,
          null
        ]
      ]
    },
    "fo11": {
      "t": 1.2571428571428571,
      "fo": [
        [
          -0.6484156352499625,
          null,
          null
        ],
        [
          1.130635407039626,
          null,
          null
        ],
        [
          -1.0,
          null,
          null
        ],
        [
          6.752020955320232,
          null,
          null
        ]
      ]
    },
    "fo12": {
      "t": 1.3714285714285714,
      "fo": [
        [
          -0.6484156352499625,
          null,
          null
        ],
        [
          1.130635407039626,
          null,
          null
        ],
        [
          -1.0,
          null,
          null
        ],
        [
          6.957542005721492,
          null,
          null
        ]
      ]
    },
    "fo13": {
      "t": 1.4857142857142858,
      "fo": [
        [
          -0.6484156352499625,
          null,
          null
        ],
        [
          1.130635407039626,
          null,
          null
        ],
        [
          -1.0,
          null,
          null
        ],
        [
          7.163063056122752,
          null,
          null
        ]
      ]
    },
    "fo14": {
      "t": 1.6,
      "fo": [
        [
          -0.6484156352499625,
          null,
          null
        ],
        [
          1.130635407039626,
          null,
          null
        ],
        [
          -1.0,
          null,
          null
        ],
        [
          7.368584106524012,
          null,
          null
        ]
      ]
    },
    "fo15": {
      "t": 1.7142857142857142,
      "fo": [
        [
          -0.6484156352499625,
          null,
          null
        ],
        [
          1.130635407039626,
          null,
          null
        ],
        [
          -1.0,
          null,
          null
        ],
        [
          7.574105156925271,
          null,
          null
        ]
      ]
    },
    "fo16": {
      "t": 1.8285714285714285,
      "fo": [
        [
          -0.6484156352499625,
          null,
          null
        ],
        [
          1.130635407039626,
          null,
          null
        ],
        [
          -1.0,
          null,
          null
        ],
        [
          7.779626207326531,
          null,
          null
        ]
      ]
    },
    "fo17": {
      "t": 1.9428571428571428,
      "fo": [
        [
          -0.6484156352499625,
          null,
          null
        ],
        [
          1.130635407039626,
          null,
          null
        ],
        [
          -1.0,
          null,
          null
        ],
        [
          7.9851472577277915,
          null,
          null
        ]
      ]
    },
    "fo18": {
      "t": 2.057142857142857,
      "fo": [
        [
          -0.6484156352499625,
          null,
          null
        ],
        [
          1.130635407039626,
          null,
          null
        ],
        [
          -1.0,
          null,
          null
        ],
        [
          8.190668308129052,
          null,
          null
        ]
      ]
    },
    "fo19": {
      "t": 2.1714285714285713,
      "fo": [
        [
          -0.6484156352499625,
          null,
          null
        ],
        [
          1.130635407039626,
          null,
          null
        ],
        [
          -1.0,
          null,
          null
        ],
        [
          8.396189358530311,
          null,
          null
        ]
      ]
    },
    "fo20": {
      "t": 2.2857142857142856,