{
  "name": "loiter_spin_22.00",
  "Nco": 6,
  "keyframes": {
    "fo0": {
      "t": 0.0,
      "fo": [
        [
          1.8963378479439703,
          0.0
        ],
        [
          -1.94602914430017,
          0.0
        ],
        [
          -0.8,
          0.0
        ],
        [
          5.965886878432542,
          1.8568817017578303
        ]
      ]
    },
    "fo1": {
      "t": 0.11428571428571428,
      "fo": [
        [
          1.8963378479439703,
          null,
          null
        ],
        [
          -1.94602914430017,
          null,
          null
        ],
        [
          -0.8,
          null,
          null
        ],
        [
          6.178101930062009,
          null,
          null
        ]
      ]
    },
    "fo2": {
      "t": 0.22857142857142856,
      "fo": [
        [
          1.8963378479439703,
          null,
          null
        ],
        [
          -1.94602914430017,
          null,
          null
        ],
        [
          -0.8,
          null,
          null
        ],
        [
          6.390316981691475,
          null,
          null
        ]
      ]
    },
    "fo3": {
      "t": 0.34285714285714286,
      "fo": [
        [
          1.8963378479439703,
          null,
          null
        ],
        [
          -1.94602914430017,
          null,
          null
        ],
        [
          -0.8,
          null,
          null
        ],
        [
          6.602532033320941,
          null,
          null
        ]
      ]
    },
    "fo4": {
      "t": 0.45714285714285713,
      "fo": [
        [
          1.8963378479439703,
          null,
          null
        ],
        [
          -1.94602914430017,
          null,
          null
        ],
        [
          -0.8,
          null,
          null
        ],
        [
          6.814747084950407,
          null,
          null
        ]
      ]
    },
    "fo5": {
      "t": 0.5714285714285714,
      "fo": [
        [
          1.8963378479439703,
          null,
          null
        ],
        [
          -1.94602914430017,
          null,
          null
        ],
        [
          -0.8,
          null,
          null
        ],
        [
          7.026962136579874,
          null,
          null
        ]
      ]
    },
    "fo6": {
      "t": 0.6857142857142857,
      "fo": [
        [
          1.8963378479439703,
          null,
          null
        ],
        [
          -1.94602914430017,
          null,
          null
        ],
        [
          -0.8,
          null,
          null
        ],
        [
          7.23917718820934,
          null,
          null
        ]
      ]
    },
    "fo7": {
      "t": 0.8,
      "fo": [
        [
          1.8963378479439703,
          null,
          null
        ],
        [
          -1.94602914430017,
          null,
          null
        ],
        [
          -0.8,
          null,
          null
        ],
        [
          7.451392239838807,
          null,
          null
        ]
      ]
    },
    "fo8": {
      "t": 0.9142857142857143,
      "fo": [
        [
          1.8963378479439703,
          null,
          null
        ],
        [
          -1.94602914430017,
          null,
          null
        ],
        [
          -0.8,
          null,
          null
        ],
        [
          7.6636072914682725,
          null,
          null
        ]
      ]
    },
    "fo9": {
      "t": 1.0285714285714285,
      "fo": [
        [
          1.8963378479439703,
          null,
          null
        ],
        [
          -1.94602914430017,
          null,
          null
        ],
        [
          -0.8,
          null,
          null
        ],
        [
          7.875822343097739,
          null,
          null
        ]
      ]
    },
    "fo10": {
      "t": 1.1428571428571428,
      "fo": [
        [
          1.8963378479439703,
          null,
          null
        ],
        [
          -1.94602914430017,
          null,
          null
        ],
        [
          -0.8,
          null,
          null
        ],
        [
          8.088037394727206,
          null,
          null
        ]
      ]
    },
    "fo11": {
      "t": 1.2571428571428571,
      "fo": [
        [
          1.8963378479439703,
          null,
          null
        ],
        [
          -1.94602914430017,
          null,
          null
        ],
        [
          -0.8,
          null,
          null
        ],
        [
          8.300252446356671,
          null,
          null
        ]
      ]
    },
    "fo12": {
      "t": 1.3714285714285714,
      "fo": [
        [
          1.8963378479439703,
          null,
          null
        ],
        [
          -1.94602914430017,
          null,
          null
        ],
        [
          -0.8,
          null,
          null
        ],
        [
          8.512467497986139,
          null,
          null
        ]
      ]
    },
    "fo13": {
      "t": 1.4857142857142858,
      "fo": [
        [
          1.8963378479439703,
          null,
          null
        ],
        [
          -1.94602914430017,
          null,
          null
        ],
        [
          -0.8,
          null,
          null
        ],
        [
          8.724682549615604,
          null,
          null
        ]
      ]
    },
    "fo14": {
      "t": 1.6,
      "fo": [
        [
          1.8963378479439703,
          null,
          null
        ],
        [
          -1.94602914430017,
          null,
          null
        ],
        [
          -0.8,
          null,
          null
        ],
        [
          8.936897601245072,
          null,
          null
        ]
      ]
    },
    "fo15": {
      "t": 1.7142857142857142,
      "fo": [
        [
          1.8963378479439703,
          null,
          null
        ],
        [
          -1.94602914430017,
          null,
          null
        ],
        [
          -0.8,
          null,
          null
        ],
        [
          9.149112652874537,
          null,
          null
        ]
      ]
    },
    "fo16": {
      "t": 1.8285714285714285,
      "fo": [
        [
          1.8963378479439703,
          null,
          null
        ],
        [
          -1.94602914430017,
          null,
          null
        ],
        [
          -0.8,
          null,
          null
        ],
        [
          9.361327704504003,
          null,
          null
        ]
      ]
    },
    "fo17": {
      "t": 1.9428571428571428,
      "fo": [
        [
          1.8963378479439703,
          null,
          null
        ],
        [
          -1.94602914430017,
          null,
          null
        ],
        [
          -0.8,
          null,
          null
        ],
        [
          9.57354275613347,
          null,
          null
        ]
      ]
    },
    "fo18": {
      "t": 2.057142857142857,
      "fo": [
        [
          1.8963378479439703,
          null,
          null
        ],
        [
          -1.94602914430017,
          null,
          null
        ],
        [
          -0.8,
          null,
          null
        ],
        [
          9.785757807762936,
          null,
          null
        ]
      ]
    },
    "fo19": {
      "t": 2.1714285714285713,
      "fo": [
        [
          1.8963378479439703,
          null,
          null
        ],
        [
          -1.94602914430017,
          null,
          null
        ],
        [
          -0.8,
          null,
          null
        ],
        [
          9.997972859392402,
          null,
          null
        ]
      ]
    },
    "fo20": {
      "t": 2.2857142857142856,