{
  "name": "loiter_spin_10.00",
  "Nco": 6,
  "keyframes": {
    "fo0": {
      "t": 0.0,
      "fo": [
        [
          -0.9133754190318305,
          0.0
        ],
        [
          4.466814862071955,
          0.0
        ],
        [
          -1.1,
          0.0
        ],
        [
          4.593622444128867,
          2.514549384321805
        ]
      ]
    },
    "fo1": {
      "t": 0.11428571428571428,
      "fo": [
        [
          -0.9133754190318305,
          null,
          null
        ],
        [
          4.466814862071955,
          null,
          null
        ],
        [
          -1.1,
          null,
          null
        ],
        [
          4.3062453716349465,
          null,
          null
        ]
      ]
    },
    "fo2": {
      "t": 0.22857142857142856,
      "fo": [
        [
          -0.9133754190318305,
          null,
          null
        ],
        [
          4.466814862071955,
          null,
          null
        ],
        [
          -1.1,
          null,
          null
        ],
        [
          4.018868299141026,
          null,
          null
        ]
      ]
    },
    "fo3": {
      "t": 0.34285714285714286,
      "fo": [
        [
          -0.9133754190318305,
          null,
          null
        ],
        [
          4.466814862071955,
          null,
          null
        ],
        [
          -1.1,
          null,
          null
        ],
        [
          3.731491226647105,
          null,
          null
        ]
      ]
    },
    "fo4": {
      "t": 0.45714285714285713,
      "fo": [
        [
          -0.9133754190318305,
          null,
          null
        ],
        [
          4.466814862071955,
          null,
          null
        ],
        [
          -1.1,
          null,
          null
        ],
        [
          3.4441141541531843,
          null,
          null
        ]
      ]
    },
    "fo5": {
      "t": 0.5714285714285714,
      "fo": [
        [
          -0.9133754190318305,
          null,
          null
        ],
        [
          4.466814862071955,
          null,
          null
        ],
        [
          -1.1,
          null,
          null
        ],
        [
          3.156737081659264,
          null,
          null
        ]
      ]
    },
    "fo6": {
      "t": 0.6857142857142857,
      "fo": [
        [
          -0.9133754190318305,
          null,
          null
        ],
        [
          4.466814862071955,
          null,
          null
        ],
        [
          -1.1,
          null,
          null
        ],
        [
          2.8693600091653435,
          null,
          null
        ]
      ]
    },
    "fo7": {
      "t": 0.8,
      "fo": [
        [
          -0.9133754190318305,
          null,
          null
        ],
        [
          4.466814862071955,
          null,
          null
        ],
        [
          -1.1,
          null,
          null
        ],
        [
          2.5819829366714226,
          null,
          null
        ]
      ]
    },
    "fo8": {
      "t": 0.9142857142857143,
      "fo": [
        [
          -0.9133754190318305,
          null,
          null
        ],
        [
          4.466814862071955,
          null,
          null
        ],
        [
          -1.1,
          null,
          null
        ],
        [
          2.2946058641775022,
          null,
          null
        ]
      ]
    },
    "fo9": {
      "t": 1.0285714285714285,
      "fo": [
        [
          -0.9133754190318305,
          null,
          null
        ],
        [
          4.466814862071955,
          null,
          null
        ],
        [
          -1.1,
          null,
          null
        ],
        [
          2.007228791683582,
          null,
          null
        ]
      ]
    },
    "fo10": {
      "t": 1.1428571428571428,
      "fo": [
        [
          -0.9133754190318305,
          null,
          null
        ],
        [
          4.466814862071955,
          null,
          null
        ],
        [
          -1.1,
          null,
          null
        ],
        [
          1.719851719189661,
          null,
          null
        ]
      ]
    },
    "fo11": {
      "t": 1.2571428571428571,
      "fo": [
        [
          -0.9133754190318305,
          null,
          null
        ],
        [
          4.466814862071955,
          null,
          null
        ],
        [
          -1.1,
          null,
          null
        ],
        [
          1.4324746466957405,
          null,
          null
        ]
      ]
    },
    "fo12": {
      "t": 1.3714285714285714,
      "fo": [
        [
          -0.9133754190318305,
          null,
          null
        ],
        [
          4.466814862071955,
          null,
          null
        ],
        [
          -1.1,
          null,
          null
        ],
        [
          1.1450975742018197,
          null,
          null
        ]
      ]
    },
    "fo13": {
      "t": 1.4857142857142858,
      "fo": [
        [
          -0.9133754190318305,
          null,
          null
        ],
        [
          4.466814862071955,
          null,
          null
        ],
        [
          -1.1,
          null,
          null
        ],
        [
          0.8577205017078993,
          null,
          null
        ]
      ]
    },
    "fo14": {
      "t": 1.6,
      "fo": [
        [
          -0.9133754190318305,
          null,
          null
        ],
        [
          4.466814862071955,
          null,
          null
        ],
        [
          -1.1,
          null,
          null
        ],
        [
          0.5703434292139784,
          null,
          null
        ]
      ]
    },
    "fo15": {
      "t": 1.7142857142857142,
      "fo": [
        [
          -0.9133754190318305,
          null,
          null
        ],
        [
          4.466814862071955,
          null,
          null
        ],
        [
          -1.1,
          null,
          null
        ],
        [
          0.282966356720058,
          null,
          null
        ]
      ]
    },
    "fo16": {
      "t": 1.8285714285714285,
      "fo": [
        [
          -0.9133754190318305,
          null,
          null
        ],
        [
          4.466814862071955,
          null,
          null
        ],
        [
          -1.1,
          null,
          null
        ],
        [
          -0.004410715773862428,
          null,
          null
        ]
      ]
    },
    "fo17": {
      "t": 1.9428571428571428,
      "fo": [
        [
          -0.9133754190318305,
          null,
          null
        ],
        [
          4.466814862071955,
          null,
          null
        ],
        [
          -1.1,
          null,
          null
        ],
        [
          -0.29178778826778284,
          null,
          null
        ]
      ]
    },
    "fo18": {
      "t": 2.057142857142857,
      "fo": [
        [
          -0.9133754190318305,
          null,
          null
        ],
        [
          4.466814862071955,
          null,
          null
        ],
        [
          -1.1,
          null,
          null
        ],
        [
          -0.5791648607617033,
          null,
          null
        ]
      ]
    },
    "fo19": {
      "t": 2.1714285714285713,
      "fo": [
        [
          -0.9133754190318305,
          null,
          null
        ],
        [
          4.466814862071955,
          null,
          null
        ],
        [
          -1.1,
          null,
          null
        ],
        [
          -0.8665419332556237,
          null,
          null
        ]
      ]
    },
    "fo20": {
      "t": 2.2857142857142856,