{
  "name": "loiter_spin_24.00",
  "Nco": 6,
  "keyframes": {
    "fo0": {
      "t": 0.0,
      "fo": [
        [
          3.7628106243041404,
          0.0
        ],
        [
          -1.2307104545533976,
          0.0
        ],
        [
          -0.8,
          0.0
        ],
        [
          4.40908537527634,
          2.176230113796162
        ]
      ]
    },
    "fo1": {
      "t": 0.11428571428571428,
      "fo": [
        [
          3.7628106243041404,
          null,
          null
        ],
        [
          -1.2307104545533976,
          null,
          null
        ],
        [
          -0.8,
          null,
          null
        ],
        [
          4.657797388281615,
          null,
          null
        ]
      ]
    },
    "fo2": {
      "t": 0.22857142857142856,
      "fo": [
        [
          3.7628106243041404,
          null,
          null
        ],
        [
          -1.2307104545533976,
          null,
          null
        ],
        [
          -0.8,
          null,
          null
        ],
        [
          4.9065094012868915,
          null,
          null
        ]
      ]
    },
    "fo3": {
      "t": 0.34285714285714286,
      "fo": [
        [
          3.7628106243041404,
          null,
          null
        ],
        [
          -1.2307104545533976,
          null,
          null
        ],
        [
          -0.8,
          null,
          null
        ],
        [
          5.155221414292167,
          null,
          null
        ]
      ]
    },
    "fo4": {
      "t": 0.45714285714285713,
      "fo": [
        [
          3.7628106243041404,
          null,
          null
        ],
        [
          -1.2307104545533976,
          null,
          null
        ],
        [
          -0.8,
          null,
          null
        ],
        [
          5.403933427297442,
          null,
          null
        ]
      ]
    },
    "fo5": {
      "t": 0.5714285714285714,
      "fo": [
        [
          3.7628106243041404,
          null,
          null
        ],
        [
          -1.2307104545533976,
          null,
          null
        ],
        [
          -0.8,
          null,
          null
        ],
        [
          5.652645440302718,
          null,
          null
        ]
      ]
    },
    "fo6": {
      "t": 0.6857142857142857,
      "fo": [
        [
          3.7628106243041404,
          null,
          null
        ],
        [
          -1.2307104545533976,
          null,
          null
        ],
        [
          -0.8,
          null,
          null
        ],
        [
          5.901357453307994,
          null,
          null
        ]
      ]
    },
    "fo7": {
      "t": 0.8,
      "fo": [
        [
          3.7628106243041404,
          null,
          null
        ],
        [
          -1.2307104545533976,
          null,
          null
        ],
        [
          -0.8,
          null,
          null
        ],
        [
          6.15006946631327,
          null,
          null
        ]
      ]
    },
    "fo8": {
      "t": 0.9142857142857143,
      "fo": [
        [
          3.7628106243041404,
          null,
          null
        ],
        [
          -1.2307104545533976,
          null,
          null
        ],
        [
          -0.8,
          null,
          null
        ],
        [
          6.398781479318545,
          null,
          null
        ]
      ]
    },
    "fo9": {
      "t": 1.0285714285714285,
      "fo": [
        [
          3.7628106243041404,
          null,
          null
        ],
        [
          -1.2307104545533976,
          null,
          null
        ],
        [
          -0.8,
          null,
          null
        ],
        [
          6.647493492323821,
          null,
          null
        ]
      ]
    },
    "fo10": {
      "t": 1.1428571428571428,
      "fo": [
        [
          3.7628106243041404,
          null,
          null
        ],
        [
          -1.2307104545533976,
          null,
          null
        ],
        [
          -0.8,
          null,
          null
        ],
        [
          6.896205505329096,
          null,
          null
        ]
      ]
    },
    "fo11": {
      "t": 1.2571428571428571,
      "fo": [
        [
          3.7628106243041404,
          null,
          null
        ],
        [
          -1.2307104545533976,
          null,
          null
        ],
        [
          -0.8,
          null,
          null
        ],
        [
          7.144917518334372,
          null,
          null
        ]
      ]
    },
    "fo12": {
      "t": 1.3714285714285714,
      "fo": [
        [
          3.7628106243041404,
          null,
          null
        ],
        [
          -1.2307104545533976,
          null,
          null
        ],
        [
          -0.8,
          null,
          null
        ],
        [
          7.3936295313396485,
          null,
          null
        ]
      ]
    },
    "fo13": {
      "t": 1.4857142857142858,
      "fo": [
        [
          3.7628106243041404,
          null,
          null
        ],
        [
          -1.2307104545533976,
          null,
          null
        ],
        [
          -0.8,
          null,
          null
        ],
        [
          7.642341544344924,
          null,
          null
        ]
      ]
    },
    "fo14": {
      "t": 1.6,
      "fo": [
        [
          3.7628106243041404,
          null,
          null
        ],
        [
          -1.2307104545533976,
          null,
          null
        ],
        [
          -0.8,
          null,
          null
        ],
        [
          7.891053557350199,
          null,
          null
        ]
      ]
    },
    "fo15": {
      "t": 1.7142857142857142,
      "fo": [
        [
          3.7628106243041404,
          null,
          null
        ],
        [
          -1.2307104545533976,
          null,
          null
        ],
        [
          -0.8,
          null,
          null
        ],
        [
          8.139765570355475,
          null,
          null
        ]
      ]
    },
    "fo16": {
      "t": 1.8285714285714285,
      "fo": [
        [
          3.7628106243041404,
          null,
          null
        ],
        [
          -1.2307104545533976,
          null,
          null
        ],
        [
          -0.8,
          null,
          null
        ],
        [
          8.38847758336075,
          null,
          null
        ]
      ]
    },
    "fo17": {
      "t": 1.9428571428571428,
      "fo": [
        [
          3.7628106243041404,
          null,
          null
        ],
        [
          -1.2307104545533976,
          null,
          null
        ],
        [
          -0.8,
          null,
          null
        ],
        [
          8.637189596366026,
          null,
          null
        ]
      ]
    },
    "fo18": {
      "t": 2.057142857142857,
      "fo": [
        [
          3.7628106243041404,
          null,
          null
        ],
        [
          -1.2307104545533976,
          null,
          null
        ],
        [
          -0.8,
          null,
          null
        ],
        [
          8.885901609371302,
          null,
          null
        ]
      ]
    },
    "fo19": {
      "t": 2.1714285714285713,
      "fo": [
        [
          3.7628106243041404,
          null,
          null
        ],
        [
          -1.2307104545533976,
          null,
          null
        ],
        [
          -0.8,
          null,
          null
        ],
        [
          9.134613622376577,
          null,
          null
        ]
      ]
    },
    "fo20": {
      "t": 2.2857142857142856,