{
  "name": "loiter_spin_2.00",
  "Nco": 6,
  "keyframes": {
    "fo0": {
      "t": 0.0,
      "fo": [
        [
          -1.1334713177700197,
          0.0
        ],
        [
          1.3700213053651138,
          0.0
        ],
        [
          -1.1,
          0.0
        ],
        [
          4.828680109752298,
          1.9928868801780355
        ]
      ]
    },
    "fo1": {
      "t": 0.11428571428571428,
      "fo": [
        [
          -1.1334713177700197,
          null,
          null
        ],
        [
          1.3700213053651138,
          null,
          null
        ],
        [
          -1.1,
          null,
          null
        ],
        [
          5.056438610344074,
          null,
          null
        ]
      ]
    },
    "fo2": {
      "t": 0.22857142857142856,
      "fo": [
        [
          -1.1334713177700197,
          null,
          null
        ],
        [
          1.3700213053651138,
          null,
          null
        ],
        [
          -1.1,
          null,
          null
        ],
        [
          5.28419711093585,
          null,
          null
        ]
      ]
    },
    "fo3": {
      "t": 0.34285714285714286,
      "fo": [
        [
          -1.1334713177700197,
          null,
          null
        ],
        [
          1.3700213053651138,
          null,
          null
        ],
        [
          -1.1,
          null,
          null
        ],
        [
          5.5119556115276245,
          null,
          null
        ]
      ]
    },
    "fo4": {
      "t": 0.45714285714285713,
      "fo": [
        [
          -1.1334713177700197,
          null,
          null
        ],
        [
          1.3700213053651138,
          null,
          null
        ],
        [
          -1.1,
          null,
          null
        ],
        [
          5.7397141121194,
          null,
          null
        ]
      ]
    },
    "fo5": {
      "t": 0.5714285714285714,
      "fo": [
        [
          -1.1334713177700197,
          null,
          null
        ],
        [
          1.3700213053651138,
          null,
          null
        ],
        [
          -1.1,
          null,
          null
        ],
        [
          5.967472612711176,
          null,
          null
        ]
      ]
    },
    "fo6": {
      "t": 0.6857142857142857,
      "fo": [
        [
          -1.1334713177700197,
          null,
          null
        ],
        [
          1.3700213053651138,
          null,
          null
        ],
        [
          -1.1,
          null,
          null
        ],
        [
          6.195231113302951,
          null,
          null
        ]
      ]
    },
    "fo7": {
      "t": 0.8,
      "fo": [
        [
          -1.1334713177700197,
          null,
          null
        ],
        [
          1.3700213053651138,
          null,
          null
        ],
        [
          -1.1,
          null,
          null
        ],
        [
          6.4229896138947264,
          null,
          null
        ]
      ]
    },
    "fo8": {
      "t": 0.9142857142857143,
      "fo": [
        [
          -1.1334713177700197,
          null,
          null
        ],
        [
          1.3700213053651138,
          null,
          null
        ],
        [
          -1.1,
          null,
          null
        ],
        [
          6.650748114486502,
          null,
          null
        ]
      ]
    },
    "fo9": {
      "t": 1.0285714285714285,
      "fo": [
        [
          -1.1334713177700197,
          null,
          null
        ],
        [
          1.3700213053651138,
          null,
          null
        ],
        [
          -1.1,
          null,
          null
        ],
        [
          6.878506615078278,
          null,
          null
        ]
      ]
    },
    "fo10": {
      "t": 1.1428571428571428,
      "fo": [
        [
          -1.1334713177700197,
          null,
          null
        ],
        [
          1.3700213053651138,
          null,
          null
        ],
        [
          -1.1,
          null,
          null
        ],
        [
          7.106265115670054,
          null,
          null
        ]
      ]
    },
    "fo11": {
      "t": 1.2571428571428571,
      "fo": [
        [
          -1.1334713177700197,
          null,
          null
        ],
        [
          1.3700213053651138,
          null,
          null
        ],
        [
          -1.1,
          null,
          null
        ],
        [
          7.334023616261828,
          null,
          null
        ]
      ]
    },
    "fo12": {
      "t": 1.3714285714285714,
      "fo": [
        [
          -1.1334713177700197,
          null,
          null
        ],
        [
          1.3700213053651138,
          null,
          null
        ],
        [
          -1.1,
          null,
          null
        ],
        [
          7.561782116853604,
          null,
          null
        ]
      ]
    },
    "fo13": {
      "t": 1.4857142857142858,
      "fo": [
        [
          -1.1334713177700197,
          null,
          null
        ],
        [
          1.3700213053651138,
          null,
          null
        ],
        [
          -1.1,
          null,
          null
        ],
        [
          7.78954061744538,
          null,
          null
        ]
      ]
    },
    "fo14": {
      "t": 1.6,
      "fo": [
        [
          -1.1334713177700197,
          null,
          null
        ],
        [
          1.3700213053651138,
          null,
          null
        ],
        [
          -1.1,
          null,
          null
        ],
        [
          8.017299118037155,
          null,
          null
        ]
      ]
    },
    "fo15": {
      "t": 1.7142857142857142,
      "fo": [
        [
          -1.1334713177700197,
          null,
          null
        ],
        [
          1.3700213053651138,
          null,
          null
        ],
        [
          -1.1,
          null,
          null
        ],
        [
          8.24505761862893,
          null,
          null
        ]
      ]
    },
    "fo16": {
      "t": 1.8285714285714285,
      "fo": [
        [
          -1.1334713177700197,
          null,
          null
        ],
        [
          1.3700213053651138,
          null,
          null
        ],
        [
          -1.1,
          null,
          null
        ],
        [
          8.472816119220706,
          null,
          null
        ]
      ]
    },
    "fo17": {
      "t": 1.9428571428571428,
      "fo": [
        [
          -1.1334713177700197,
          null,
          null
        ],
        [
          1.3700213053651138,
          null,
          null
        ],
        [
          -1.1,
          null,
          null
        ],
        [
          8.700574619812482,
          null,
          null
        ]
      ]
    },
    "fo18": {
      "t": 2.057142857142857,
      "fo": [
        [
          -1.1334713177700197,
          null,
          null
        ],
        [
          1.3700213053651138,
          null,
          null
        ],
        [
          -1.1,
          null,
          null
        ],
        [
          8.928333120404258,
          null,
          null
        ]
      ]
    },
    "fo19": {
      "t": 2.1714285714285713,
      "fo": [
        [
          -1.1334713177700197,
          null,
          null
        ],
        [
          1.3700213053651138,
          null,
          null
        ],
        [
          -1.1,
          null,
          null
        ],
        [
          9.156091620996033,
          null,
          null
        ]
      ]
    },
    "fo20": {
      "t": 2.2857142857142856,