{
  "name": "loiter_spin_12.00",
  "Nco": 6,
  "keyframes": {
    "fo0": {
      "t": 0.0,
      "fo": [
        [
          1.8898739922573469,
          0.0
        ],
        [
          -1.5724104989267937,
          0.0
        ],
        [
          -0.8,
          0.0
        ],
        [
          4.363623661750575,
          2.2517570354468743
        ]
      ]
    },
    "fo1": {
      "t": 0.11428571428571428,
      "fo": [
        [
          1.8898739922573469,
          null,
          null
        ],
        [
          -1.5724104989267937,
          null,
          null
        ],
        [
          -0.8,
          null,
          null
        ],
        [
          4.620967322944503,
          null,
          null
        ]
      ]
    },
    "fo2": {
      "t": 0.22857142857142856,
      "fo": [
        [
          1.8898739922573469,
          null,
          null
        ],
        [
          -1.5724104989267937,
          null,
          null
        ],
        [
          -0.8,
          null,
          null
        ],
        [
          4.878310984138432,
          null,
          null
        ]
      ]
    },
    "fo3": {
      "t": 0.34285714285714286,
      "fo": [
        [
          1.8898739922573469,
          null,
          null
        ],
        [
          -1.5724104989267937,
          null,
          null
        ],
        [
          -0.8,
          null,
          null
        ],
        [
          5.135654645332361,
          null,
          null
        ]
      ]
    },
    "fo4": {
      "t": 0.45714285714285713,
      "fo": [
        [
          1.8898739922573469,
          null,
          null
        ],
        [
          -1.5724104989267937,
          null,
          null
        ],
        [
          -0.8,
          null,
          null
        ],
        [
          5.392998306526289,
          null,
          null
        ]
      ]
    },
    "fo5": {
      "t": 0.5714285714285714,
      "fo": [
        [
          1.8898739922573469,
          null,
          null
        ],
        [
          -1.5724104989267937,
          null,
          null
        ],
        [
          -0.8,
          null,
          null
        ],
        [
          5.650341967720217,
          null,
          null
        ]
      ]
    },
    "fo6": {
      "t": 0.6857142857142857,
      "fo": [
        [
          1.8898739922573469,
          null,
          null
        ],
        [
          -1.5724104989267937,
          null,
          null
        ],
        [
          -0.8,
          null,
          null
        ],
        [
          5.9076856289141455,
          null,
          null
        ]
      ]
    },
    "fo7": {
      "t": 0.8,
      "fo": [
        [
          1.8898739922573469,
          null,
          null
        ],
        [
          -1.5724104989267937,
          null,
          null
        ],
        [
          -0.8,
          null,
          null
        ],
        [
          6.165029290108074,
          null,
          null
        ]
      ]
    },
    "fo8": {
      "t": 0.9142857142857143,
      "fo": [
        [
          1.8898739922573469,
          null,
          null
        ],
        [
          -1.5724104989267937,
          null,
          null
        ],
        [
          -0.8,
          null,
          null
        ],
        [
          6.422372951302003,
          null,
          null
        ]
      ]
    },
    "fo9": {
      "t": 1.0285714285714285,
      "fo": [
        [
          1.8898739922573469,
          null,
          null
        ],
        [
          -1.5724104989267937,
          null,
          null
        ],
        [
          -0.8,
          null,
          null
        ],
        [
          6.67971661249593,
          null,
          null
        ]
      ]
    },
    "fo10": {
      "t": 1.1428571428571428,
      "fo": [
        [
          1.8898739922573469,
          null,
          null
        ],
        [
          -1.5724104989267937,
          null,
          null
        ],
        [
          -0.8,
          null,
          null
        ],
        [
          6.937060273689859,
          null,
          null
        ]
      ]
    },
    "fo11": {
      "t": 1.2571428571428571,
      "fo": [
        [
          1.8898739922573469,
          null,
          null
        ],
        [
          -1.5724104989267937,
          null,
          null
        ],
        [
          -0.8,
          null,
          null
        ],
        [
          7.194403934883788,
          null,
          null
        ]
      ]
    },
    "fo12": {
      "t": 1.3714285714285714,
      "fo": [
        [
          1.8898739922573469,
          null,
          null
        ],
        [
          -1.5724104989267937,
          null,
          null
        ],
        [
          -0.8,
          null,
          null
        ],
        [
          7.451747596077716,
          null,
          null
        ]
      ]
    },
    "fo13": {
      "t": 1.4857142857142858,
      "fo": [
        [
          1.8898739922573469,
          null,
          null
        ],
        [
          -1.5724104989267937,
          null,
          null
        ],
        [
          -0.8,
          null,
          null
        ],
        [
          7.709091257271645,
          null,
          null
        ]
      ]
    },
    "fo14": {
      "t": 1.6,
      "fo": [
        [
          1.8898739922573469,
          null,
          null
        ],
        [
          -1.5724104989267937,
          null,
          null
        ],
        [
          -0.8,
          null,
          null
        ],
        [
          7.966434918465573,
          null,
          null
        ]
      ]
    },
    "fo15": {
      "t": 1.7142857142857142,
      "fo": [
        [
          1.8898739922573469,
          null,
          null
        ],
        [
          -1.5724104989267937,
          null,
          null
        ],
        [
          -0.8,
          null,
          null
        ],
        [
          8.223778579659502,
          null,
          null
        ]
      ]
    },
    "fo16": {
      "t": 1.8285714285714285,
      "fo": [
        [
          1.8898739922573469,
          null,
          null
        ],
        [
          -1.5724104989267937,
          null,
          null
        ],
        [
          -0.8,
          null,
          null
        ],
        [
          8.48112224085343,
          null,
          null
        ]
      ]
    },
    "fo17": {
      "t": 1.9428571428571428,
      "fo": [
        [
          1.8898739922573469,
          null,
          null
        ],
        [
          -1.5724104989267937,
          null,
          null
        ],
        [
          -0.8,
          null,
          null
        ],
        [
          8.73846590204736,
          null,
          null
        ]
      ]
    },
    "fo18": {
      "t": 2.057142857142857,
      "fo": [
        [
          1.8898739922573469,
          null,
          null
        ],
        [
          -1.5724104989267937,
          null,
          null
        ],
        [
          -0.8,
          null,
          null
        ],
        [
          8.995809563241288,
          null,
          null
        ]
      ]
    },
    "fo19": {
      "t": 2.1714285714285713,
      "fo": [
        [
          1.8898739922573469,
          null,
          null
        ],
        [
          -1.5724104989267937,
          null,
          null
        ],
        [
          -0.8,
          null,
          null
        ],
        [
          9.253153224435216,
          null,
          null
        ]
      ]
    },
    "fo20": {
      "t": 2.2857142857142856,