{
  "name": "loiter_spin_0.00",
  "Nco": 6,
  "keyframes": {
    "fo0": {
      "t": 0.0,
      "fo": [
        [
          2.107633155245927,
          0.0
        ],
        [
          -0.34882861332973353,
          0.0
        ],
        [
          -1.0,
          0.0
        ],
        [
          0.416487681421802,
          1.943853423001352
        ]
      ]
    },
    "fo1": {
      "t": 0.11428571428571428,
      "fo": [
        [
          2.107633155245927,
          null,
          null
        ],
        [
          -0.34882861332973353,
          null,
          null
        ],
        [
          -1.0,
          null,
          null
        ],
        [
          0.6386423583362422,
          null,
          null
        ]
      ]
    },
    "fo2": {
      "t": 0.22857142857142856,
      "fo": [
        [
          2.107633155245927,
          null,
          null
        ],
        [
          -0.34882861332973353,
          null,
          null
        ],
        [
          -1.0,
          null,
          null
        ],
        [
          0.8607970352506824,
          null,
          null
        ]
      ]
    },
    "fo3": {
      "t": 0.34285714285714286,
      "fo": [
        [
          2.107633155245927,
          null,
          null
        ],
        [
          -0.34882861332973353,
          null,
          null
        ],
        [
          -1.0,
          null,
          null
        ],
        [
          1.0829517121651226,
          null,
          null
        ]
      ]
    },
    "fo4": {
      "t": 0.45714285714285713,
      "fo": [
        [
          2.107633155245927,
          null,
          null
        ],
        [
          -0.34882861332973353,
          null,
          null
        ],
        [
          -1.0,
          null,
          null
        ],
        [
          1.305106389079563,
          null,
          null
        ]
      ]
    },
    "fo5": {
      "t": 0.5714285714285714,
      "fo": [
        [
          2.107633155245927,
          null,
          null
        ],
        [
          -0.34882861332973353,
          null,
          null
        ],
        [
          -1.0,
          null,
          null
        ],
        [
          1.527261065994003,
          null,
          null
        ]
      ]
    },
    "fo6": {
      "t": 0.6857142857142857,
      "fo": [
        [
          2.107633155245927,
          null,
          null
        ],
        [
          -0.34882861332973353,
          null,
          null
        ],
        [
          -1.0,
          null,
          null
        ],
        [
          1.7494157429084434,
          null,
          null
        ]
      ]
    },
    "fo7": {
      "t": 0.8,
      "fo": [
        [
          2.107633155245927,
          null,
          null
        ],
        [
          -0.34882861332973353,
          null,
          null
        ],
        [
          -1.0,
          null,
          null
        ],
        [
          1.9715704198228836,
          null,
          null
        ]
      ]
    },
    "fo8": {
      "t": 0.9142857142857143,
      "fo": [
        [
          2.107633155245927,
          null,
          null
        ],
        [
          -0.34882861332973353,
          null,
          null
        ],
        [
          -1.0,
          null,
          null
        ],
        [
          2.1937250967373236,
          null,
          null
        ]
      ]
    },
    "fo9": {
      "t": 1.0285714285714285,
      "fo": [
        [
          2.107633155245927,
          null,
          null
        ],
        [
          -0.34882861332973353,
          null,
          null
        ],
        [
          -1.0,
          null,
          null
        ],
        [
          2.415879773651764,
          null,
          null
        ]
      ]
    },
    "fo10": {
      "t": 1.1428571428571428,
      "fo": [
        [
          2.107633155245927,
          null,
          null
        ],
        [
          -0.34882861332973353,
          null,
          null
        ],
        [
          -1.0,
          null,
          null
        ],
        [
          2.638034450566204,
          null,
          null
        ]
      ]
    },
    "fo11": {
      "t": 1.2571428571428571,
      "fo": [
        [
          2.107633155245927,
          null,
          null
        ],
        [
          -0.34882861332973353,
          null,
          null
        ],
        [
          -1.0,
          null,
          null
        ],
        [
          2.860189127480645,
          null,
          null
        ]
      ]
    },
    "fo12": {
      "t": 1.3714285714285714,
      "fo": [
        [
          2.107633155245927,
          null,
          null
        ],
        [
          -0.34882861332973353,
          null,
          null
        ],
        [
          -1.0,
          null,
          null
        ],
        [
          3.082343804395085,
          null,
          null
        ]
      ]
    },
    "fo13": {
      "t": 1.4857142857142858,
      "fo": [
        [
          2.107633155245927,
          null,
          null
        ],
        [
          -0.34882861332973353,
          null,
          null
        ],
        [
          -1.0,
          null,
          null
        ],
        [
          3.3044984813095253,
          null,
          null
        ]
      ]
    },
    "fo14": {
      "t": 1.6,
      "fo": [
        [
          2.107633155245927,
          null,
          null
        ],
        [
          -0.34882861332973353,
          null,
          null
        ],
        [
          -1.0,
          null,
          null
        ],
        [
          3.5266531582239655,
          null,
          null
        ]
      ]
    },
    "fo15": {
      "t": 1.7142857142857142,
      "fo": [
        [
          2.107633155245927,
          null,
          null
        ],
        [
          -0.34882861332973353,
          null,
          null
        ],
        [
          -1.0,
          null,
          null
        ],
        [
          3.7488078351384053,
          null,
          null
        ]
      ]
    },
    "fo16": {
      "t": 1.8285714285714285,
      "fo": [
        [
          2.107633155245927,
          null,
          null
        ],
        [
          -0.34882861332973353,
          null,
          null
        ],
        [
          -1.0,
          null,
          null
        ],
        [
          3.9709625120528456,
          null,
          null
        ]
      ]
    },
    "fo17": {
      "t": 1.9428571428571428,
      "fo": [
        [
          2.107633155245927,
          null,
          null
        ],
        [
          -0.34882861332973353,
          null,
          null
        ],
        [
          -1.0,
          null,
          null
        ],
        [
          4.193117188967285,
          null,
          null
        ]
      ]
    },
    "fo18": {
      "t": 2.057142857142857,
      "fo": [
        [
          2.107633155245927,
          null,
          null
        ],
        [
          -0.34882861332973353,
          null,
          null
        ],
        [
          -1.0,
          null,
          null
        ],
        [
          4.415271865881726,
          null,
          null
        ]
      ]
    },
    "fo19": {
      "t": 2.1714285714285713,
      "fo": [
        [
          2.107633155245927,
          null,
          null
        ],
        [
          -0.34882861332973353,
          null,
          null
        ],
        [
          -1.0,
          null,
          null
        ],
        [
          4.637426542796166,
          null,
          null
        ]
      ]
    },
    "fo20": {
      "t": 2.2857142857142856,