{
  "name": "loiter_spin_2.00",
  "Nco": 6,
  "keyframes": {
    "fo0": {
      "t": 0.0,
      "fo": [
        [
          -1.8189592029076291,
          0.0
        ],
        [
          -1.4676387258569545,
          0.0
        ],
        [
          -1.0,
          0.0
        ],
        [
          0.7717213691197368,
          2.298713078293483
        ]
      ]
    },
    "fo1": {
      "t": 0.11428571428571428,
      "fo": [
        [
          -1.8189592029076291,
          null,
          null
        ],
        [
          -1.4676387258569545,
          null,
          null
        ],
        [
          -1.0,
          null,
          null
        ],
        [
          0.5090113030290531,
          null,
          null
        ]
      ]
    },
    "fo2": {
      "t": 0.22857142857142856,
      "fo": [
        [
          -1.8189592029076291,
          null,
          null
        ],
        [
          -1.4676387258569545,
          null,
          null
        ],
        [
          -1.0,
          null,
          null
        ],
        [
          0.24630123693836925,
          null,
          null
        ]
      ]
    },
    "fo3": {
      "t": 0.34285714285714286,
      "fo": [
        [
          -1.8189592029076291,
          null,
          null
        ],
        [
          -1.4676387258569545,
          null,
          null
        ],
        [
          -1.0,
          null,
          null
        ],
        [
          -0.016408829152314564,
          null,
          null
        ]
      ]
    },
    "fo4": {
      "t": 0.45714285714285713,
      "fo": [
        [
          -1.8189592029076291,
          null,
          null
        ],
        [
          -1.4676387258569545,
          null,
          null
        ],
        [
          -1.0,
          null,
          null
        ],
        [
          -0.27911889524299827,
          null,
          null
        ]
      ]
    },
    "fo5": {
      "t": 0.5714285714285714,
      "fo": [
        [
          -1.8189592029076291,
          null,
          null
        ],
        [
          -1.4676387258569545,
          null,
          null
        ],
        [
          -1.0,
          null,
          null
        ],
        [
          -0.5418289613336821,
          null,
          null
        ]
      ]
    },
    "fo6": {
      "t": 0.6857142857142857,
      "fo": [
        [
          -1.8189592029076291,
          null,
          null
        ],
        [
          -1.4676387258569545,
          null,
          null
        ],
        [
          -1.0,
          null,
          null
        ],
        [
          -0.8045390274243659,
          null,
          null
        ]
      ]
    },
    "fo7": {
      "t": 0.8,
      "fo": [
        [
          -1.8189592029076291,
          null,
          null
        ],
        [
          -1.4676387258569545,
          null,
          null
        ],
        [
          -1.0,
          null,
          null
        ],
        [
          -1.0672490935150498,
          null,
          null
        ]
      ]
    },
    "fo8": {
      "t": 0.9142857142857143,
      "fo": [
        [
          -1.8189592029076291,
          null,
          null
        ],
        [
          -1.4676387258569545,
          null,
          null
        ],
        [
          -1.0,
          null,
          null
        ],
        [
          -1.3299591596057332,
          null,
          null
        ]
      ]
    },
    "fo9": {
      "t": 1.0285714285714285,
      "fo": [
        [
          -1.8189592029076291,
          null,
          null
        ],
        [
          -1.4676387258569545,
          null,
          null
        ],
        [
          -1.0,
          null,
          null
        ],
        [
          -1.592669225696417,
          null,
          null
        ]
      ]
    },
    "fo10": {
      "t": 1.1428571428571428,
      "fo": [
        [
          -1.8189592029076291,
          null,
          null
        ],
        [
          -1.4676387258569545,
          null,
          null
        ],
        [
          -1.0,
          null,
          null
        ],
        [
          -1.8553792917871008,
          null,
          null
        ]
      ]
    },
    "fo11": {
      "t": 1.2571428571428571,
      "fo": [
        [
          -1.8189592029076291,
          null,
          null
        ],
        [
          -1.4676387258569545,
          null,
          null
        ],
        [
          -1.0,
          null,
          null
        ],
        [
          -2.1180893578777846,
          null,
          null
        ]
      ]
    },
    "fo12": {
      "t": 1.3714285714285714,
      "fo": [
        [
          -1.8189592029076291,
          null,
          null
        ],
        [
          -1.4676387258569545,
          null,
          null
        ],
        [
          -1.0,
          null,
          null
        ],
        [
          -2.3807994239684684,
          null,
          null
        ]
      ]
    },
    "fo13": {
      "t": 1.4857142857142858,
      "fo": [
        [
          -1.8189592029076291,
          null,
          null
        ],
        [
          -1.4676387258569545,
          null,
          null
        ],
        [
          -1.0,
          null,
          null
        ],
        [
          -2.6435094900591523,
          null,
          null
        ]
      ]
    },
    "fo14": {
      "t": 1.6,
      "fo": [
        [
          -1.8189592029076291,
          null,
          null
        ],
        [
          -1.4676387258569545,
          null,
          null
        ],
        [
          -1.0,
          null,
          null
        ],
        [
          -2.906219556149836,
          null,
          null
        ]
      ]
    },
    "fo15": {
      "t": 1.7142857142857142,
      "fo": [
        [
          -1.8189592029076291,
          null,
          null
        ],
        [
          -1.4676387258569545,
          null,
          null
        ],
        [
          -1.0,
          null,
          null
        ],
        [
          -3.1689296222405194,
          null,
          null
        ]
      ]
    },
    "fo16": {
      "t": 1.8285714285714285,
      "fo": [
        [
          -1.8189592029076291,
          null,
          null
        ],
        [
          -1.4676387258569545,
          null,
          null
        ],
        [
          -1.0,
          null,
          null
        ],
        [
          -3.4316396883312033,
          null,
          null
        ]
      ]
    },
    "fo17": {
      "t": 1.9428571428571428,
      "fo": [
        [
          -1.8189592029076291,
          null,
          null
        ],
        [
          -1.4676387258569545,
          null,
          null
        ],
        [
          -1.0,
          null,
          null
        ],
        [
          -3.6943497544218875,
          null,
          null
        ]
      ]
    },
    "fo18": {
      "t": 2.057142857142857,
      "fo": [
        [
          -1.8189592029076291,
          null,
          null
        ],
        [
          -1.4676387258569545,
          null,
          null
        ],
        [
          -1.0,
          null,
          null
        ],
        [
          -3.957059820512571,
          null,
          null
        ]
      ]
    },
    "fo19": {
      "t": 2.1714285714285713,
      "fo": [
        [
          -1.8189592029076291,
          null,
          null
        ],
        [
          -1.4676387258569545,
          null,
          null
        ],
        [
          -1.0,
          null,
          null
        ],
        [
          -4.219769886603254,
          null,
          null
        ]
      ]
    },
    "fo20": {
      "t": 2.2857142857142856,