{
  "name": "loiter_spin_8.00",
  "Nco": 6,
  "keyframes": {
    "fo0": {
      "t": 0.0,
      "fo": [
        [
          -0.9177938480572364,
          0.0
        ],
        [
          -2.859101196944779,
          0.0
        ],
        [
          -1.0,
          0.0
        ],
        [
          3.5040953759807087,
          2.022184617916423
        ]
      ]
    },
    "fo1": {
      "t": 0.11428571428571428,
      "fo": [
        [
          -0.9177938480572364,
          null,
          null
        ],
        [
          -2.859101196944779,
          null,
          null
        ],
        [
          -1.0,
          null,
          null
        ],
        [
          3.735202189456871,
          null,
          null
        ]
      ]
    },
    "fo2": {
      "t": 0.22857142857142856,
      "fo": [
        [
          -0.9177938480572364,
          null,
          null
        ],
        [
          -2.859101196944779,
          null,
          null
        ],
        [
          -1.0,
          null,
          null
        ],
        [
          3.966309002933034,
          null,
          null
        ]
      ]
    },
    "fo3": {
      "t": 0.34285714285714286,
      "fo": [
        [
          -0.9177938480572364,
          null,
          null
        ],
        [
          -2.859101196944779,
          null,
          null
        ],
        [
          -1.0,
          null,
          null
        ],
        [
          4.197415816409197,
          null,
          null
        ]
      ]
    },
    "fo4": {
      "t": 0.45714285714285713,
      "fo": [
        [
          -0.9177938480572364,
          null,
          null
        ],
        [
          -2.859101196944779,
          null,
          null
        ],
        [
          -1.0,
          null,
          null
        ],
        [
          4.428522629885359,
          null,
          null
        ]
      ]
    },
    "fo5": {
      "t": 0.5714285714285714,
      "fo": [
        [
          -0.9177938480572364,
          null,
          null
        ],
        [
          -2.859101196944779,
          null,
          null
        ],
        [
          -1.0,
          null,
          null
        ],
        [
          4.659629443361522,
          null,
          null
        ]
      ]
    },
    "fo6": {
      "t": 0.6857142857142857,
      "fo": [
        [
          -0.9177938480572364,
          null,
          null
        ],
        [
          -2.859101196944779,
          null,
          null
        ],
        [
          -1.0,
          null,
          null
        ],
        [
          4.890736256837685,
          null,
          null
        ]
      ]
    },
    "fo7": {
      "t": 0.8,
      "fo": [
        [
          -0.9177938480572364,
          null,
          null
        ],
        [
          -2.859101196944779,
          null,
          null
        ],
        [
          -1.0,
          null,
          null
        ],
        [
          5.121843070313847,
          null,
          null
        ]
      ]
    },
    "fo8": {
      "t": 0.9142857142857143,
      "fo": [
        [
          -0.9177938480572364,
          null,
          null
        ],
        [
          -2.859101196944779,
          null,
          null
        ],
        [
          -1.0,
          null,
          null
        ],
        [
          5.35294988379001,
          null,
          null
        ]
      ]
    },
    "fo9": {
      "t": 1.0285714285714285,
      "fo": [
        [
          -0.9177938480572364,
          null,
          null
        ],
        [
          -2.859101196944779,
          null,
          null
        ],
        [
          -1.0,
          null,
          null
        ],
        [
          5.584056697266172,
          null,
          null
        ]
      ]
    },
    "fo10": {
      "t": 1.1428571428571428,
      "fo": [
        [
          -0.9177938480572364,
          null,
          null
        ],
        [
          -2.859101196944779,
          null,
          null
        ],
        [
          -1.0,
          null,
          null
        ],
        [
          5.815163510742336,
          null,
          null
        ]
      ]
    },
    "fo11": {
      "t": 1.2571428571428571,
      "fo": [
        [
          -0.9177938480572364,
          null,
          null
        ],
        [
          -2.859101196944779,
          null,
          null
        ],
        [
          -1.0,
          null,
          null
        ],
        [
          6.046270324218497,
          null,
          null
        ]
      ]
    },
    "fo12": {
      "t": 1.3714285714285714,
      "fo": [
        [
          -0.9177938480572364,
          null,
          null
        ],
        [
          -2.859101196944779,
          null,
          null
        ],
        [
          -1.0,
          null,
          null
        ],
        [
          6.2773771376946605,
          null,
          null
        ]
      ]
    },
    "fo13": {
      "t": 1.4857142857142858,
      "fo": [
        [
          -0.9177938480572364,
          null,
          null
        ],
        [
          -2.859101196944779,
          null,
          null
        ],
        [
          -1.0,
          null,
          null
        ],
        [
          6.508483951170823,
          null,
          null
        ]
      ]
    },
    "fo14": {
      "t": 1.6,
      "fo": [
        [
          -0.9177938480572364,
          null,
          null
        ],
        [
          -2.859101196944779,
          null,
          null
        ],
        [
          -1.0,
          null,
          null
        ],
        [
          6.7395907646469855,
          null,
          null
        ]
      ]
    },
    "fo15": {
      "t": 1.7142857142857142,
      "fo": [
        [
          -0.9177938480572364,
          null,
          null
        ],
        [
          -2.859101196944779,
          null,
          null
        ],
        [
          -1.0,
          null,
          null
        ],
        [
          6.970697578123149,
          null,
          null
        ]
      ]
    },
    "fo16": {
      "t": 1.8285714285714285,
      "fo": [
        [
          -0.9177938480572364,
          null,
          null
        ],
        [
          -2.859101196944779,
          null,
          null
        ],
        [
          -1.0,
          null,
          null
        ],
        [
          7.20180439159931,
          null,
          null
        ]
      ]
    },
    "fo17": {
      "t": 1.9428571428571428,
      "fo": [
        [
          -0.9177938480572364,
          null,
          null
        ],
        [
          -2.859101196944779,
          null,
          null
        ],
        [
          -1.0,
          null,
          null
        ],
        [
          7.432911205075474,
          null,
          null
        ]
      ]
    },
    "fo18": {
      "t": 2.057142857142857,
      "fo": [
        [
          -0.9177938480572364,
          null,
          null
        ],
        [
          -2.859101196944779,
          null,
          null
        ],
        [
          -1.0,
          null,
          null
        ],
        [
          7.664018018551635,
          null,
          null
        ]
      ]
    },
    "fo19": {
      "t": 2.1714285714285713,
      "fo": [
        [
          -0.9177938480572364,
          null,
          null
        ],
        [
          -2.859101196944779,
          null,
          null
        ],
        [
          -1.0,
          null,
          null
        ],
        [
          7.895124832027799,
          null,
          null
        ]
      ]
    },
    "fo20": {
      "t": 2.2857142857142856,