{
  "name": "loiter_spin_20.00",
  "Nco": 6,
  "keyframes": {
    "fo0": {
      "t": 0.0,
      "fo": [
        [
          0.5110863484937929,
          0.0
        ],
        [
          -3.344511166404513,
          0.0
        ],
        [
          -0.8,
          0.0
        ],
        [
          0.35129661362748404,
          1.7832627508670054
        ]
      ]
    },
    "fo1": {
      "t": 0.11428571428571428,
      "fo": [
        [
          0.5110863484937929,
          null,
          null
        ],
        [
          -3.344511166404513,
          null,
          null
        ],
        [
          -0.8,
          null,
          null
        ],
        [
          0.1474951563855406,
          null,
          null
        ]
      ]
    },
    "fo2": {
      "t": 0.22857142857142856,
      "fo": [
        [
          0.5110863484937929,
          null,
          null
        ],
        [
          -3.344511166404513,
          null,
          null
        ],
        [
          -0.8,
          null,
          null
        ],
        [
          -0.05630630085640287,
          null,
          null
        ]
      ]
    },
    "fo3": {
      "t": 0.34285714285714286,
      "fo": [
        [
          0.5110863484937929,
          null,
          null
        ],
        [
          -3.344511166404513,
          null,
          null
        ],
        [
          -0.8,
          null,
          null
        ],
        [
          -0.26010775809834635,
          null,
          null
        ]
      ]
    },
    "fo4": {
      "t": 0.45714285714285713,
      "fo": [
        [
          0.5110863484937929,
          null,
          null
        ],
        [
          -3.344511166404513,
          null,
          null
        ],
        [
          -0.8,
          null,
          null
        ],
        [
          -0.4639092153402898,
          null,
          null
        ]
      ]
    },
    "fo5": {
      "t": 0.5714285714285714,
      "fo": [
        [
          0.5110863484937929,
          null,
          null
        ],
        [
          -3.344511166404513,
          null,
          null
        ],
        [
          -0.8,
          null,
          null
        ],
        [
          -0.6677106725822333,
          null,
          null
        ]
      ]
    },
    "fo6": {
      "t": 0.6857142857142857,
      "fo": [
        [
          0.5110863484937929,
          null,
          null
        ],
        [
          -3.344511166404513,
          null,
          null
        ],
        [
          -0.8,
          null,
          null
        ],
        [
          -0.8715121298241768,
          null,
          null
        ]
      ]
    },
    "fo7": {
      "t": 0.8,
      "fo": [
        [
          0.5110863484937929,
          null,
          null
        ],
        [
          -3.344511166404513,
          null,
          null
        ],
        [
          -0.8,
          null,
          null
        ],
        [
          -1.0753135870661203,
          null,
          null
        ]
      ]
    },
    "fo8": {
      "t": 0.9142857142857143,
      "fo": [
        [
          0.5110863484937929,
          null,
          null
        ],
        [
          -3.344511166404513,
          null,
          null
        ],
        [
          -0.8,
          null,
          null
        ],
        [
          -1.2791150443080637,
          null,
          null
        ]
      ]
    },
    "fo9": {
      "t": 1.0285714285714285,
      "fo": [
        [
          0.5110863484937929,
          null,
          null
        ],
        [
          -3.344511166404513,
          null,
          null
        ],
        [
          -0.8,
          null,
          null
        ],
        [
          -1.482916501550007,
          null,
          null
        ]
      ]
    },
    "fo10": {
      "t": 1.1428571428571428,
      "fo": [
        [
          0.5110863484937929,
          null,
          null
        ],
        [
          -3.344511166404513,
          null,
          null
        ],
        [
          -0.8,
          null,
          null
        ],
        [
          -1.6867179587919505,
          null,
          null
        ]
      ]
    },
    "fo11": {
      "t": 1.2571428571428571,
      "fo": [
        [
          0.5110863484937929,
          null,
          null
        ],
        [
          -3.344511166404513,
          null,
          null
        ],
        [
          -0.8,
          null,
          null
        ],
        [
          -1.8905194160338943,
          null,
          null
        ]
      ]
    },
    "fo12": {
      "t": 1.3714285714285714,
      "fo": [
        [
          0.5110863484937929,
          null,
          null
        ],
        [
          -3.344511166404513,
          null,
          null
        ],
        [
          -0.8,
          null,
          null
        ],
        [
          -2.0943208732758376,
          null,
          null
        ]
      ]
    },
    "fo13": {
      "t": 1.4857142857142858,
      "fo": [
        [
          0.5110863484937929,
          null,
          null
        ],
        [
          -3.344511166404513,
          null,
          null
        ],
        [
          -0.8,
          null,
          null
        ],
        [
          -2.2981223305177814,
          null,
          null
        ]
      ]
    },
    "fo14": {
      "t": 1.6,
      "fo": [
        [
          0.5110863484937929,
          null,
          null
        ],
        [
          -3.344511166404513,
          null,
          null
        ],
        [
          -0.8,
          null,
          null
        ],
        [
          -2.5019237877597247,
          null,
          null
        ]
      ]
    },
    "fo15": {
      "t": 1.7142857142857142,
      "fo": [
        [
          0.5110863484937929,
          null,
          null
        ],
        [
          -3.344511166404513,
          null,
          null
        ],
        [
          -0.8,
          null,
          null
        ],
        [
          -2.705725245001668,
          null,
          null
        ]
      ]
    },
    "fo16": {
      "t": 1.8285714285714285,
      "fo": [
        [
          0.5110863484937929,
          null,
          null
        ],
        [
          -3.344511166404513,
          null,
          null
        ],
        [
          -0.8,
          null,
          null
        ],
        [
          -2.9095267022436113,
          null,
          null
        ]
      ]
    },
    "fo17": {
      "t": 1.9428571428571428,
      "fo": [
        [
          0.5110863484937929,
          null,
          null
        ],
        [
          -3.344511166404513,
          null,
          null
        ],
        [
          -0.8,
          null,
          null
        ],
        [
          -3.113328159485555,
          null,
          null
        ]
      ]
    },
    "fo18": {
      "t": 2.057142857142857,
      "fo": [
        [
          0.5110863484937929,
          null,
          null
        ],
        [
          -3.344511166404513,
          null,
          null
        ],
        [
          -0.8,
          null,
          null
        ],
        [
          -3.317129616727498,
          null,
          null
        ]
      ]
    },
    "fo19": {
      "t": 2.1714285714285713,
      "fo": [
        [
          0.5110863484937929,
          null,
          null
        ],
        [
          -3.344511166404513,
          null,
          null
        ],
        [
          -0.8,
          null,
          null
        ],
        [
          -3.5209310739694417,
          null,
          null
        ]
      ]
    },
    "fo20": {
      "t": 2.2857142857142856,