{
  "name": "loiter_spin_6.00",
  "Nco": 6,
  "keyframes": {
    "fo0": {
      "t": 0.0,
      "fo": [
        [
          -0.5013418634279696,
          0.0
        ],
        [
          1.5442227947743556,
          0.0
        ],
        [
          -1.1,
          0.0
        ],
        [
          1.9352778513747724,
          1.8365397861265889
        ]
      ]
    },
    "fo1": {
      "t": 0.11428571428571428,
      "fo": [
        [
          -0.5013418634279696,
          null,
          null
        ],
        [
          1.5442227947743556,
          null,
          null
        ],
        [
          -1.1,
          null,
          null
        ],
        [
          1.7253875901031623,
          null,
          null
        ]
      ]
    },
    "fo2": {
      "t": 0.22857142857142856,
      "fo": [
        [
          -0.5013418634279696,
          null,
          null
        ],
        [
          1.5442227947743556,
          null,
          null
        ],
        [
          -1.1,
          null,
          null
        ],
        [
          1.515497328831552,
          null,
          null
        ]
      ]
    },
    "fo3": {
      "t": 0.34285714285714286,
      "fo": [
        [
          -0.5013418634279696,
          null,
          null
        ],
        [
          1.5442227947743556,
          null,
          null
        ],
        [
          -1.1,
          null,
          null
        ],
        [
          1.3056070675599418,
          null,
          null
        ]
      ]
    },
    "fo4": {
      "t": 0.45714285714285713,
      "fo": [
        [
          -0.5013418634279696,
          null,
          null
        ],
        [
          1.5442227947743556,
          null,
          null
        ],
        [
          -1.1,
          null,
          null
        ],
        [
          1.0957168062883318,
          null,
          null
        ]
      ]
    },
    "fo5": {
      "t": 0.5714285714285714,
      "fo": [
        [
          -0.5013418634279696,
          null,
          null
        ],
        [
          1.5442227947743556,
          null,
          null
        ],
        [
          -1.1,
          null,
          null
        ],
        [
          0.8858265450167218,
          null,
          null
        ]
      ]
    },
    "fo6": {
      "t": 0.6857142857142857,
      "fo": [
        [
          -0.5013418634279696,
          null,
          null
        ],
        [
          1.5442227947743556,
          null,
          null
        ],
        [
          -1.1,
          null,
          null
        ],
        [
          0.6759362837451115,
          null,
          null
        ]
      ]
    },
    "fo7": {
      "t": 0.8,
      "fo": [
        [
          -0.5013418634279696,
          null,
          null
        ],
        [
          1.5442227947743556,
          null,
          null
        ],
        [
          -1.1,
          null,
          null
        ],
        [
          0.46604602247350124,
          null,
          null
        ]
      ]
    },
    "fo8": {
      "t": 0.9142857142857143,
      "fo": [
        [
          -0.5013418634279696,
          null,
          null
        ],
        [
          1.5442227947743556,
          null,
          null
        ],
        [
          -1.1,
          null,
          null
        ],
        [
          0.2561557612018912,
          null,
          null
        ]
      ]
    },
    "fo9": {
      "t": 1.0285714285714285,
      "fo": [
        [
          -0.5013418634279696,
          null,
          null
        ],
        [
          1.5442227947743556,
          null,
          null
        ],
        [
          -1.1,
          null,
          null
        ],
        [
          0.04626549993028117,
          null,
          null
        ]
      ]
    },
    "fo10": {
      "t": 1.1428571428571428,
      "fo": [
        [
          -0.5013418634279696,
          null,
          null
        ],
        [
          1.5442227947743556,
          null,
          null
        ],
        [
          -1.1,
          null,
          null
        ],
        [
          -0.16362476134132886,
          null,
          null
        ]
      ]
    },
    "fo11": {
      "t": 1.2571428571428571,
      "fo": [
        [
          -0.5013418634279696,
          null,
          null
        ],
        [
          1.5442227947743556,
          null,
          null
        ],
        [
          -1.1,
          null,
          null
        ],
        [
          -0.3735150226129391,
          null,
          null
        ]
      ]
    },
    "fo12": {
      "t": 1.3714285714285714,
      "fo": [
        [
          -0.5013418634279696,
          null,
          null
        ],
        [
          1.5442227947743556,
          null,
          null
        ],
        [
          -1.1,
          null,
          null
        ],
        [
          -0.5834052838845494,
          null,
          null
        ]
      ]
    },
    "fo13": {
      "t": 1.4857142857142858,
      "fo": [
        [
          -0.5013418634279696,
          null,
          null
        ],
        [
          1.5442227947743556,
          null,
          null
        ],
        [
          -1.1,
          null,
          null
        ],
        [
          -0.7932955451561596,
          null,
          null
        ]
      ]
    },
    "fo14": {
      "t": 1.6,
      "fo": [
        [
          -0.5013418634279696,
          null,
          null
        ],
        [
          1.5442227947743556,
          null,
          null
        ],
        [
          -1.1,
          null,
          null
        ],
        [
          -1.0031858064277699,
          null,
          null
        ]
      ]
    },
    "fo15": {
      "t": 1.7142857142857142,
      "fo": [
        [
          -0.5013418634279696,
          null,
          null
        ],
        [
          1.5442227947743556,
          null,
          null
        ],
        [
          -1.1,
          null,
          null
        ],
        [
          -1.2130760676993797,
          null,
          null
        ]
      ]
    },
    "fo16": {
      "t": 1.8285714285714285,
      "fo": [
        [
          -0.5013418634279696,
          null,
          null
        ],
        [
          1.5442227947743556,
          null,
          null
        ],
        [
          -1.1,
          null,
          null
        ],
        [
          -1.42296632897099,
          null,
          null
        ]
      ]
    },
    "fo17": {
      "t": 1.9428571428571428,
      "fo": [
        [
          -0.5013418634279696,
          null,
          null
        ],
        [
          1.5442227947743556,
          null,
          null
        ],
        [
          -1.1,
          null,
          null
        ],
        [
          -1.6328565902426002,
          null,
          null
        ]
      ]
    },
    "fo18": {
      "t": 2.057142857142857,
      "fo": [
        [
          -0.5013418634279696,
          null,
          null
        ],
        [
          1.5442227947743556,
          null,
          null
        ],
        [
          -1.1,
          null,
          null
        ],
        [
          -1.84274685151421,
          null,
          null
        ]
      ]
    },
    "fo19": {
      "t": 2.1714285714285713,
      "fo": [
        [
          -0.5013418634279696,
          null,
          null
        ],
        [
          1.5442227947743556,
          null,
          null
        ],
        [
          -1.1,
          null,
          null
        ],
        [
          -2.0526371127858205,
          null,
          null
        ]
      ]
    },
    "fo20": {
      "t": 2.2857142857142856,