{
  "name": "loiter_spin_16.00",
  "Nco": 6,
  "keyframes": {
    "fo0": {
      "t": 0.0,
      "fo": [
        [
          -0.9191146769431318,
          0.0
        ],
        [
          -4.702286763787407,
          0.0
        ],
        [
          -0.8,
          0.0
        ],
        [
          2.2514740469034735,
          2.2175455667373294
        ]
      ]
    },
    "fo1": {
      "t": 0.11428571428571428,
      "fo": [
        [
          -0.9191146769431318,
          null,
          null
        ],
        [
          -4.702286763787407,
          null,
          null
        ],
        [
          -0.8,
          null,
          null
        ],
        [
          1.9980402678477787,
          null,
          null
        ]
      ]
    },
    "fo2": {
      "t": 0.22857142857142856,
      "fo": [
        [
          -0.9191146769431318,
          null,
          null
        ],
        [
          -4.702286763787407,
          null,
          null
        ],
        [
          -0.8,
          null,
          null
        ],
        [
          1.744606488792084,
          null,
          null
        ]
      ]
    },
    "fo3": {
      "t": 0.34285714285714286,
      "fo": [
        [
          -0.9191146769431318,
          null,
          null
        ],
        [
          -4.702286763787407,
          null,
          null
        ],
        [
          -0.8,
          null,
          null
        ],
        [
          1.4911727097363892,
          null,
          null
        ]
      ]
    },
    "fo4": {
      "t": 0.45714285714285713,
      "fo": [
        [
          -0.9191146769431318,
          null,
          null
        ],
        [
          -4.702286763787407,
          null,
          null
        ],
        [
          -0.8,
          null,
          null
        ],
        [
          1.2377389306806945,
          null,
          null
        ]
      ]
    },
    "fo5": {
      "t": 0.5714285714285714,
      "fo": [
        [
          -0.9191146769431318,
          null,
          null
        ],
        [
          -4.702286763787407,
          null,
          null
        ],
        [
          -0.8,
          null,
          null
        ],
        [
          0.9843051516249997,
          null,
          null
        ]
      ]
    },
    "fo6": {
      "t": 0.6857142857142857,
      "fo": [
        [
          -0.9191146769431318,
          null,
          null
        ],
        [
          -4.702286763787407,
          null,
          null
        ],
        [
          -0.8,
          null,
          null
        ],
        [
          0.7308713725693048,
          null,
          null
        ]
      ]
    },
    "fo7": {
      "t": 0.8,
      "fo": [
        [
          -0.9191146769431318,
          null,
          null
        ],
        [
          -4.702286763787407,
          null,
          null
        ],
        [
          -0.8,
          null,
          null
        ],
        [
          0.4774375935136099,
          null,
          null
        ]
      ]
    },
    "fo8": {
      "t": 0.9142857142857143,
      "fo": [
        [
          -0.9191146769431318,
          null,
          null
        ],
        [
          -4.702286763787407,
          null,
          null
        ],
        [
          -0.8,
          null,
          null
        ],
        [
          0.2240038144579155,
          null,
          null
        ]
      ]
    },
    "fo9": {
      "t": 1.0285714285714285,
      "fo": [
        [
          -0.9191146769431318,
          null,
          null
        ],
        [
          -4.702286763787407,
          null,
          null
        ],
        [
          -0.8,
          null,
          null
        ],
        [
          -0.029429964597779357,
          null,
          null
        ]
      ]
    },
    "fo10": {
      "t": 1.1428571428571428,
      "fo": [
        [
          -0.9191146769431318,
          null,
          null
        ],
        [
          -4.702286763787407,
          null,
          null
        ],
        [
          -0.8,
          null,
          null
        ],
        [
          -0.2828637436534742,
          null,
          null
        ]
      ]
    },
    "fo11": {
      "t": 1.2571428571428571,
      "fo": [
        [
          -0.9191146769431318,
          null,
          null
        ],
        [
          -4.702286763787407,
          null,
          null
        ],
        [
          -0.8,
          null,
          null
        ],
        [
          -0.5362975227091691,
          null,
          null
        ]
      ]
    },
    "fo12": {
      "t": 1.3714285714285714,
      "fo": [
        [
          -0.9191146769431318,
          null,
          null
        ],
        [
          -4.702286763787407,
          null,
          null
        ],
        [
          -0.8,
          null,
          null
        ],
        [
          -0.789731301764864,
          null,
          null
        ]
      ]
    },
    "fo13": {
      "t": 1.4857142857142858,
      "fo": [
        [
          -0.9191146769431318,
          null,
          null
        ],
        [
          -4.702286763787407,
          null,
          null
        ],
        [
          -0.8,
          null,
          null
        ],
        [
          -1.0431650808205588,
          null,
          null
        ]
      ]
    },
    "fo14": {
      "t": 1.6,
      "fo": [
        [
          -0.9191146769431318,
          null,
          null
        ],
        [
          -4.702286763787407,
          null,
          null
        ],
        [
          -0.8,
          null,
          null
        ],
        [
          -1.2965988598762537,
          null,
          null
        ]
      ]
    },
    "fo15": {
      "t": 1.7142857142857142,
      "fo": [
        [
          -0.9191146769431318,
          null,
          null
        ],
        [
          -4.702286763787407,
          null,
          null
        ],
        [
          -0.8,
          null,
          null
        ],
        [
          -1.550032638931948,
          null,
          null
        ]
      ]
    },
    "fo16": {
      "t": 1.8285714285714285,
      "fo": [
        [
          -0.9191146769431318,
          null,
          null
        ],
        [
          -4.702286763787407,
          null,
          null
        ],
        [
          -0.8,
          null,
          null
        ],
        [
          -1.8034664179876425,
          null,
          null
        ]
      ]
    },
    "fo17": {
      "t": 1.9428571428571428,
      "fo": [
        [
          -0.9191146769431318,
          null,
          null
        ],
        [
          -4.702286763787407,
          null,
          null
        ],
        [
          -0.8,
          null,
          null
        ],
        [
          -2.0569001970433374,
          null,
          null
        ]
      ]
    },
    "fo18": {
      "t": 2.057142857142857,
      "fo": [
        [
          -0.9191146769431318,
          null,
          null
        ],
        [
          -4.702286763787407,
          null,
          null
        ],
        [
          -0.8,
          null,
          null
        ],
        [
          -2.3103339760990322,
          null,
          null
        ]
      ]
    },
    "fo19": {
      "t": 2.1714285714285713,
      "fo": [
        [
          -0.9191146769431318,
          null,
          null
        ],
        [
          -4.702286763787407,
          null,
          null
        ],
        [
          -0.8,
          null,
          null
        ],
        [
          -2.563767755154727,
          null,
          null
        ]
      ]
    },
    "fo20": {
      "t": 2.2857142857142856,