{
  "name": "loiter_spin_20.00",
  "Nco": 6,
  "keyframes": {
    "fo0": {
      "t": 0.0,
      "fo": [
        [
          1.7308978402509854,
          0.0
        ],
        [
          -1.7191247277137307,
          0.0
        ],
        [
          -0.8,
          0.0
        ],
        [
          2.70906314707539,
          2.4405832381839376
        ]
      ]
    },
    "fo1": {
      "t": 0.11428571428571428,
      "fo": [
        [
          1.7308978402509854,
          null,
          null
        ],
        [
          -1.7191247277137307,
          null,
          null
        ],
        [
          -0.8,
          null,
          null
        ],
        [
          2.430139348425797,
          null,
          null
        ]
      ]
    },
    "fo2": {
      "t": 0.22857142857142856,
      "fo": [
        [
          1.7308978402509854,
          null,
          null
        ],
        [
          -1.7191247277137307,
          null,
          null
        ],
        [
          -0.8,
          null,
          null
        ],
        [
          2.151215549776204,
          null,
          null
        ]
      ]
    },
    "fo3": {
      "t": 0.34285714285714286,
      "fo": [
        [
          1.7308978402509854,
          null,
          null
        ],
        [
          -1.7191247277137307,
          null,
          null
        ],
        [
          -0.8,
          null,
          null
        ],
        [
          1.8722917511266115,
          null,
          null
        ]
      ]
    },
    "fo4": {
      "t": 0.45714285714285713,
      "fo": [
        [
          1.7308978402509854,
          null,
          null
        ],
        [
          -1.7191247277137307,
          null,
          null
        ],
        [
          -0.8,
          null,
          null
        ],
        [
          1.5933679524770186,
          null,
          null
        ]
      ]
    },
    "fo5": {
      "t": 0.5714285714285714,
      "fo": [
        [
          1.7308978402509854,
          null,
          null
        ],
        [
          -1.7191247277137307,
          null,
          null
        ],
        [
          -0.8,
          null,
          null
        ],
        [
          1.3144441538274259,
          null,
          null
        ]
      ]
    },
    "fo6": {
      "t": 0.6857142857142857,
      "fo": [
        [
          1.7308978402509854,
          null,
          null
        ],
        [
          -1.7191247277137307,
          null,
          null
        ],
        [
          -0.8,
          null,
          null
        ],
        [
          1.035520355177833,
          null,
          null
        ]
      ]
    },
    "fo7": {
      "t": 0.8,
      "fo": [
        [
          1.7308978402509854,
          null,
          null
        ],
        [
          -1.7191247277137307,
          null,
          null
        ],
        [
          -0.8,
          null,
          null
        ],
        [
          0.75659655652824,
          null,
          null
        ]
      ]
    },
    "fo8": {
      "t": 0.9142857142857143,
      "fo": [
        [
          1.7308978402509854,
          null,
          null
        ],
        [
          -1.7191247277137307,
          null,
          null
        ],
        [
          -0.8,
          null,
          null
        ],
        [
          0.47767275787864705,
          null,
          null
        ]
      ]
    },
    "fo9": {
      "t": 1.0285714285714285,
      "fo": [
        [
          1.7308978402509854,
          null,
          null
        ],
        [
          -1.7191247277137307,
          null,
          null
        ],
        [
          -0.8,
          null,
          null
        ],
        [
          0.19874895922905456,
          null,
          null
        ]
      ]
    },
    "fo10": {
      "t": 1.1428571428571428,
      "fo": [
        [
          1.7308978402509854,
          null,
          null
        ],
        [
          -1.7191247277137307,
          null,
          null
        ],
        [
          -0.8,
          null,
          null
        ],
        [
          -0.08017483942053838,
          null,
          null
        ]
      ]
    },
    "fo11": {
      "t": 1.2571428571428571,
      "fo": [
        [
          1.7308978402509854,
          null,
          null
        ],
        [
          -1.7191247277137307,
          null,
          null
        ],
        [
          -0.8,
          null,
          null
        ],
        [
          -0.3590986380701313,
          null,
          null
        ]
      ]
    },
    "fo12": {
      "t": 1.3714285714285714,
      "fo": [
        [
          1.7308978402509854,
          null,
          null
        ],
        [
          -1.7191247277137307,
          null,
          null
        ],
        [
          -0.8,
          null,
          null
        ],
        [
          -0.6380224367197243,
          null,
          null
        ]
      ]
    },
    "fo13": {
      "t": 1.4857142857142858,
      "fo": [
        [
          1.7308978402509854,
          null,
          null
        ],
        [
          -1.7191247277137307,
          null,
          null
        ],
        [
          -0.8,
          null,
          null
        ],
        [
          -0.9169462353693172,
          null,
          null
        ]
      ]
    },
    "fo14": {
      "t": 1.6,
      "fo": [
        [
          1.7308978402509854,
          null,
          null
        ],
        [
          -1.7191247277137307,
          null,
          null
        ],
        [
          -0.8,
          null,
          null
        ],
        [
          -1.1958700340189101,
          null,
          null
        ]
      ]
    },
    "fo15": {
      "t": 1.7142857142857142,
      "fo": [
        [
          1.7308978402509854,
          null,
          null
        ],
        [
          -1.7191247277137307,
          null,
          null
        ],
        [
          -0.8,
          null,
          null
        ],
        [
          -1.4747938326685026,
          null,
          null
        ]
      ]
    },
    "fo16": {
      "t": 1.8285714285714285,
      "fo": [
        [
          1.7308978402509854,
          null,
          null
        ],
        [
          -1.7191247277137307,
          null,
          null
        ],
        [
          -0.8,
          null,
          null
        ],
        [
          -1.753717631318096,
          null,
          null
        ]
      ]
    },
    "fo17": {
      "t": 1.9428571428571428,
      "fo": [
        [
          1.7308978402509854,
          null,
          null
        ],
        [
          -1.7191247277137307,
          null,
          null
        ],
        [
          -0.8,
          null,
          null
        ],
        [
          -2.0326414299676885,
          null,
          null
        ]
      ]
    },
    "fo18": {
      "t": 2.057142857142857,
      "fo": [
        [
          1.7308978402509854,
          null,
          null
        ],
        [
          -1.7191247277137307,
          null,
          null
        ],
        [
          -0.8,
          null,
          null
        ],
        [
          -2.311565228617281,
          null,
          null
        ]
      ]
    },
    "fo19": {
      "t": 2.1714285714285713,
      "fo": [
        [
          1.7308978402509854,
          null,
          null
        ],
        [
          -1.7191247277137307,
          null,
          null
        ],
        [
          -0.8,
          null,
          null
        ],
        [
          -2.5904890272668744,
          null,
          null
        ]
      ]
    },
    "fo20": {
      "t": 2.2857142857142856,