{
  "name": "loiter_spin_6.00",
  "Nco": 6,
  "keyframes": {
    "fo0": {
      "t": 0.0,
      "fo": [
        [
          -0.8005578854487752,
          0.0
        ],
        [
          -0.862941471654988,
          0.0
        ],
        [
          -1.0,
          0.0
        ],
        [
          3.8196765365456504,
          1.9600585424175387
        ]
      ]
    },
    "fo1": {
      "t": 0.11428571428571428,
      "fo": [
        [
          -0.8005578854487752,
          null,
          null
        ],
        [
          -0.862941471654988,
          null,
          null
        ],
        [
          -1.0,
          null,
          null
        ],
        [
          4.043683227107655,
          null,
          null
        ]
      ]
    },
    "fo2": {
      "t": 0.22857142857142856,
      "fo": [
        [
          -0.8005578854487752,
          null,
          null
        ],
        [
          -0.862941471654988,
          null,
          null
        ],
        [
          -1.0,
          null,
          null
        ],
        [
          4.267689917669659,
          null,
          null
        ]
      ]
    },
    "fo3": {
      "t": 0.34285714285714286,
      "fo": [
        [
          -0.8005578854487752,
          null,
          null
        ],
        [
          -0.862941471654988,
          null,
          null
        ],
        [
          -1.0,
          null,
          null
        ],
        [
          4.491696608231663,
          null,
          null
        ]
      ]
    },
    "fo4": {
      "t": 0.45714285714285713,
      "fo": [
        [
          -0.8005578854487752,
          null,
          null
        ],
        [
          -0.862941471654988,
          null,
          null
        ],
        [
          -1.0,
          null,
          null
        ],
        [
          4.7157032987936685,
          null,
          null
        ]
      ]
    },
    "fo5": {
      "t": 0.5714285714285714,
      "fo": [
        [
          -0.8005578854487752,
          null,
          null
        ],
        [
          -0.862941471654988,
          null,
          null
        ],
        [
          -1.0,
          null,
          null
        ],
        [
          4.939709989355673,
          null,
          null
        ]
      ]
    },
    "fo6": {
      "t": 0.6857142857142857,
      "fo": [
        [
          -0.8005578854487752,
          null,
          null
        ],
        [
          -0.862941471654988,
          null,
          null
        ],
        [
          -1.0,
          null,
          null
        ],
        [
          5.163716679917677,
          null,
          null
        ]
      ]
    },
    "fo7": {
      "t": 0.8,
      "fo": [
        [
          -0.8005578854487752,
          null,
          null
        ],
        [
          -0.862941471654988,
          null,
          null
        ],
        [
          -1.0,
          null,
          null
        ],
        [
          5.387723370479682,
          null,
          null
        ]
      ]
    },
    "fo8": {
      "t": 0.9142857142857143,
      "fo": [
        [
          -0.8005578854487752,
          null,
          null
        ],
        [
          -0.862941471654988,
          null,
          null
        ],
        [
          -1.0,
          null,
          null
        ],
        [
          5.611730061041686,
          null,
          null
        ]
      ]
    },
    "fo9": {
      "t": 1.0285714285714285,
      "fo": [
        [
          -0.8005578854487752,
          null,
          null
        ],
        [
          -0.862941471654988,
          null,
          null
        ],
        [
          -1.0,
          null,
          null
        ],
        [
          5.83573675160369,
          null,
          null
        ]
      ]
    },
    "fo10": {
      "t": 1.1428571428571428,
      "fo": [
        [
          -0.8005578854487752,
          null,
          null
        ],
        [
          -0.862941471654988,
          null,
          null
        ],
        [
          -1.0,
          null,
          null
        ],
        [
          6.059743442165694,
          null,
          null
        ]
      ]
    },
    "fo11": {
      "t": 1.2571428571428571,
      "fo": [
        [
          -0.8005578854487752,
          null,
          null
        ],
        [
          -0.862941471654988,
          null,
          null
        ],
        [
          -1.0,
          null,
          null
        ],
        [
          6.283750132727699,
          null,
          null
        ]
      ]
    },
    "fo12": {
      "t": 1.3714285714285714,
      "fo": [
        [
          -0.8005578854487752,
          null,
          null
        ],
        [
          -0.862941471654988,
          null,
          null
        ],
        [
          -1.0,
          null,
          null
        ],
        [
          6.507756823289704,
          null,
          null
        ]
      ]
    },
    "fo13": {
      "t": 1.4857142857142858,
      "fo": [
        [
          -0.8005578854487752,
          null,
          null
        ],
        [
          -0.862941471654988,
          null,
          null
        ],
        [
          -1.0,
          null,
          null
        ],
        [
          6.731763513851709,
          null,
          null
        ]
      ]
    },
    "fo14": {
      "t": 1.6,
      "fo": [
        [
          -0.8005578854487752,
          null,
          null
        ],
        [
          -0.862941471654988,
          null,
          null
        ],
        [
          -1.0,
          null,
          null
        ],
        [
          6.955770204413712,
          null,
          null
        ]
      ]
    },
    "fo15": {
      "t": 1.7142857142857142,
      "fo": [
        [
          -0.8005578854487752,
          null,
          null
        ],
        [
          -0.862941471654988,
          null,
          null
        ],
        [
          -1.0,
          null,
          null
        ],
        [
          7.179776894975717,
          null,
          null
        ]
      ]
    },
    "fo16": {
      "t": 1.8285714285714285,
      "fo": [
        [
          -0.8005578854487752,
          null,
          null
        ],
        [
          -0.862941471654988,
          null,
          null
        ],
        [
          -1.0,
          null,
          null
        ],
        [
          7.403783585537721,
          null,
          null
        ]
      ]
    },
    "fo17": {
      "t": 1.9428571428571428,
      "fo": [
        [
          -0.8005578854487752,
          null,
          null
        ],
        [
          -0.862941471654988,
          null,
          null
        ],
        [
          -1.0,
          null,
          null
        ],
        [
          7.627790276099725,
          null,
          null
        ]
      ]
    },
    "fo18": {
      "t": 2.057142857142857,
      "fo": [
        [
          -0.8005578854487752,
          null,
          null
        ],
        [
          -0.862941471654988,
          null,
          null
        ],
        [
          -1.0,
          null,
          null
        ],
        [
          7.85179696666173,
          null,
          null
        ]
      ]
    },
    "fo19": {
      "t": 2.1714285714285713,
      "fo": [
        [
          -0.8005578854487752,
          null,
          null
        ],
        [
          -0.862941471654988,
          null,
          null
        ],
        [
          -1.0,
          null,
          null
        ],
        [
          8.075803657223734,
          null,
          null
        ]
      ]
    },
    "fo20": {
      "t": 2.2857142857142856,