{
  "name": "loiter_spin_12.00",
  "Nco": 6,
  "keyframes": {
    "fo0": {
      "t": 0.0,
      "fo": [
        [
          0.5556595234982067,
          0.0
        ],
        [
          -3.289437970721492,
          0.0
        ],
        [
          -0.8,
          0.0
        ],
        [
          2.663556705707473,
          2.3522728886106368
        ]
      ]
    },
    "fo1": {
      "t": 0.11428571428571428,
      "fo": [
        [
          0.5556595234982067,
          null,
          null
        ],
        [
          -3.289437970721492,
          null,
          null
        ],
        [
          -0.8,
          null,
          null
        ],
        [
          2.394725518437686,
          null,
          null
        ]
      ]
    },
    "fo2": {
      "t": 0.22857142857142856,
      "fo": [
        [
          0.5556595234982067,
          null,
          null
        ],
        [
          -3.289437970721492,
          null,
          null
        ],
        [
          -0.8,
          null,
          null
        ],
        [
          2.125894331167899,
          null,
          null
        ]
      ]
    },
    "fo3": {
      "t": 0.34285714285714286,
      "fo": [
        [
          0.5556595234982067,
          null,
          null
        ],
        [
          -3.289437970721492,
          null,
          null
        ],
        [
          -0.8,
          null,
          null
        ],
        [
          1.857063143898112,
          null,
          null
        ]
      ]
    },
    "fo4": {
      "t": 0.45714285714285713,
      "fo": [
        [
          0.5556595234982067,
          null,
          null
        ],
        [
          -3.289437970721492,
          null,
          null
        ],
        [
          -0.8,
          null,
          null
        ],
        [
          1.588231956628325,
          null,
          null
        ]
      ]
    },
    "fo5": {
      "t": 0.5714285714285714,
      "fo": [
        [
          0.5556595234982067,
          null,
          null
        ],
        [
          -3.289437970721492,
          null,
          null
        ],
        [
          -0.8,
          null,
          null
        ],
        [
          1.319400769358538,
          null,
          null
        ]
      ]
    },
    "fo6": {
      "t": 0.6857142857142857,
      "fo": [
        [
          0.5556595234982067,
          null,
          null
        ],
        [
          -3.289437970721492,
          null,
          null
        ],
        [
          -0.8,
          null,
          null
        ],
        [
          1.0505695820887508,
          null,
          null
        ]
      ]
    },
    "fo7": {
      "t": 0.8,
      "fo": [
        [
          0.5556595234982067,
          null,
          null
        ],
        [
          -3.289437970721492,
          null,
          null
        ],
        [
          -0.8,
          null,
          null
        ],
        [
          0.7817383948189636,
          null,
          null
        ]
      ]
    },
    "fo8": {
      "t": 0.9142857142857143,
      "fo": [
        [
          0.5556595234982067,
          null,
          null
        ],
        [
          -3.289437970721492,
          null,
          null
        ],
        [
          -0.8,
          null,
          null
        ],
        [
          0.5129072075491767,
          null,
          null
        ]
      ]
    },
    "fo9": {
      "t": 1.0285714285714285,
      "fo": [
        [
          0.5556595234982067,
          null,
          null
        ],
        [
          -3.289437970721492,
          null,
          null
        ],
        [
          -0.8,
          null,
          null
        ],
        [
          0.2440760202793899,
          null,
          null
        ]
      ]
    },
    "fo10": {
      "t": 1.1428571428571428,
      "fo": [
        [
          0.5556595234982067,
          null,
          null
        ],
        [
          -3.289437970721492,
          null,
          null
        ],
        [
          -0.8,
          null,
          null
        ],
        [
          -0.02475516699039737,
          null,
          null
        ]
      ]
    },
    "fo11": {
      "t": 1.2571428571428571,
      "fo": [
        [
          0.5556595234982067,
          null,
          null
        ],
        [
          -3.289437970721492,
          null,
          null
        ],
        [
          -0.8,
          null,
          null
        ],
        [
          -0.29358635426018465,
          null,
          null
        ]
      ]
    },
    "fo12": {
      "t": 1.3714285714285714,
      "fo": [
        [
          0.5556595234982067,
          null,
          null
        ],
        [
          -3.289437970721492,
          null,
          null
        ],
        [
          -0.8,
          null,
          null
        ],
        [
          -0.5624175415299715,
          null,
          null
        ]
      ]
    },
    "fo13": {
      "t": 1.4857142857142858,
      "fo": [
        [
          0.5556595234982067,
          null,
          null
        ],
        [
          -3.289437970721492,
          null,
          null
        ],
        [
          -0.8,
          null,
          null
        ],
        [
          -0.8312487287997588,
          null,
          null
        ]
      ]
    },
    "fo14": {
      "t": 1.6,
      "fo": [
        [
          0.5556595234982067,
          null,
          null
        ],
        [
          -3.289437970721492,
          null,
          null
        ],
        [
          -0.8,
          null,
          null
        ],
        [
          -1.100079916069546,
          null,
          null
        ]
      ]
    },
    "fo15": {
      "t": 1.7142857142857142,
      "fo": [
        [
          0.5556595234982067,
          null,
          null
        ],
        [
          -3.289437970721492,
          null,
          null
        ],
        [
          -0.8,
          null,
          null
        ],
        [
          -1.3689111033393329,
          null,
          null
        ]
      ]
    },
    "fo16": {
      "t": 1.8285714285714285,
      "fo": [
        [
          0.5556595234982067,
          null,
          null
        ],
        [
          -3.289437970721492,
          null,
          null
        ],
        [
          -0.8,
          null,
          null
        ],
        [
          -1.6377422906091197,
          null,
          null
        ]
      ]
    },
    "fo17": {
      "t": 1.9428571428571428,
      "fo": [
        [
          0.5556595234982067,
          null,
          null
        ],
        [
          -3.289437970721492,
          null,
          null
        ],
        [
          -0.8,
          null,
          null
        ],
        [
          -1.9065734778789065,
          null,
          null
        ]
      ]
    },
    "fo18": {
      "t": 2.057142857142857,
      "fo": [
        [
          0.5556595234982067,
          null,
          null
        ],
        [
          -3.289437970721492,
          null,
          null
        ],
        [
          -0.8,
          null,
          null
        ],
        [
          -2.1754046651486934,
          null,
          null
        ]
      ]
    },
    "fo19": {
      "t": 2.1714285714285713,
      "fo": [
        [
          0.5556595234982067,
          null,
          null
        ],
        [
          -3.289437970721492,
          null,
          null
        ],
        [
          -0.8,
          null,
          null
        ],
        [
          -2.44423585241848,
          null,
          null
        ]
      ]
    },
    "fo20": {
      "t": 2.2857142857142856,