{
  "name": "loiter_spin_18.00",
  "Nco": 6,
  "keyframes": {
    "fo0": {
      "t": 0.0,
      "fo": [
        [
          -0.7608542258675461,
          0.0
        ],
        [
          -4.910445449860926,
          0.0
        ],
        [
          -0.8,
          0.0
        ],
        [
          0.058843625938728605,
          1.8659486537676473
        ]
      ]
    },
    "fo1": {
      "t": 0.11428571428571428,
      "fo": [
        [
          -0.7608542258675461,
          null,
          null
        ],
        [
          -4.910445449860926,
          null,
          null
        ],
        [
          -0.8,
          null,
          null
        ],
        [
          0.27209490065503117,
          null,
          null
        ]
      ]
    },
    "fo2": {
      "t": 0.22857142857142856,
      "fo": [
        [
          -0.7608542258675461,
          null,
          null
        ],
        [
          -4.910445449860926,
          null,
          null
        ],
        [
          -0.8,
          null,
          null
        ],
        [
          0.4853461753713337,
          null,
          null
        ]
      ]
    },
    "fo3": {
      "t": 0.34285714285714286,
      "fo": [
        [
          -0.7608542258675461,
          null,
          null
        ],
        [
          -4.910445449860926,
          null,
          null
        ],
        [
          -0.8,
          null,
          null
        ],
        [
          0.6985974500876363,
          null,
          null
        ]
      ]
    },
    "fo4": {
      "t": 0.45714285714285713,
      "fo": [
        [
          -0.7608542258675461,
          null,
          null
        ],
        [
          -4.910445449860926,
          null,
          null
        ],
        [
          -0.8,
          null,
          null
        ],
        [
          0.9118487248039387,
          null,
          null
        ]
      ]
    },
    "fo5": {
      "t": 0.5714285714285714,
      "fo": [
        [
          -0.7608542258675461,
          null,
          null
        ],
        [
          -4.910445449860926,
          null,
          null
        ],
        [
          -0.8,
          null,
          null
        ],
        [
          1.1250999995202413,
          null,
          null
        ]
      ]
    },
    "fo6": {
      "t": 0.6857142857142857,
      "fo": [
        [
          -0.7608542258675461,
          null,
          null
        ],
        [
          -4.910445449860926,
          null,
          null
        ],
        [
          -0.8,
          null,
          null
        ],
        [
          1.338351274236544,
          null,
          null
        ]
      ]
    },
    "fo7": {
      "t": 0.8,
      "fo": [
        [
          -0.7608542258675461,
          null,
          null
        ],
        [
          -4.910445449860926,
          null,
          null
        ],
        [
          -0.8,
          null,
          null
        ],
        [
          1.5516025489528464,
          null,
          null
        ]
      ]
    },
    "fo8": {
      "t": 0.9142857142857143,
      "fo": [
        [
          -0.7608542258675461,
          null,
          null
        ],
        [
          -4.910445449860926,
          null,
          null
        ],
        [
          -0.8,
          null,
          null
        ],
        [
          1.764853823669149,
          null,
          null
        ]
      ]
    },
    "fo9": {
      "t": 1.0285714285714285,
      "fo": [
        [
          -0.7608542258675461,
          null,
          null
        ],
        [
          -4.910445449860926,
          null,
          null
        ],
        [
          -0.8,
          null,
          null
        ],
        [
          1.9781050983854513,
          null,
          null
        ]
      ]
    },
    "fo10": {
      "t": 1.1428571428571428,
      "fo": [
        [
          -0.7608542258675461,
          null,
          null
        ],
        [
          -4.910445449860926,
          null,
          null
        ],
        [
          -0.8,
          null,
          null
        ],
        [
          2.191356373101754,
          null,
          null
        ]
      ]
    },
    "fo11": {
      "t": 1.2571428571428571,
      "fo": [
        [
          -0.7608542258675461,
          null,
          null
        ],
        [
          -4.910445449860926,
          null,
          null
        ],
        [
          -0.8,
          null,
          null
        ],
        [
          2.4046076478180565,
          null,
          null
        ]
      ]
    },
    "fo12": {
      "t": 1.3714285714285714,
      "fo": [
        [
          -0.7608542258675461,
          null,
          null
        ],
        [
          -4.910445449860926,
          null,
          null
        ],
        [
          -0.8,
          null,
          null
        ],
        [
          2.617858922534359,
          null,
          null
        ]
      ]
    },
    "fo13": {
      "t": 1.4857142857142858,
      "fo": [
        [
          -0.7608542258675461,
          null,
          null
        ],
        [
          -4.910445449860926,
          null,
          null
        ],
        [
          -0.8,
          null,
          null
        ],
        [
          2.831110197250662,
          null,
          null
        ]
      ]
    },
    "fo14": {
      "t": 1.6,
      "fo": [
        [
          -0.7608542258675461,
          null,
          null
        ],
        [
          -4.910445449860926,
          null,
          null
        ],
        [
          -0.8,
          null,
          null
        ],
        [
          3.0443614719669645,
          null,
          null
        ]
      ]
    },
    "fo15": {
      "t": 1.7142857142857142,
      "fo": [
        [
          -0.7608542258675461,
          null,
          null
        ],
        [
          -4.910445449860926,
          null,
          null
        ],
        [
          -0.8,
          null,
          null
        ],
        [
          3.2576127466832663,
          null,
          null
        ]
      ]
    },
    "fo16": {
      "t": 1.8285714285714285,
      "fo": [
        [
          -0.7608542258675461,
          null,
          null
        ],
        [
          -4.910445449860926,
          null,
          null
        ],
        [
          -0.8,
          null,
          null
        ],
        [
          3.470864021399569,
          null,
          null
        ]
      ]
    },
    "fo17": {
      "t": 1.9428571428571428,
      "fo": [
        [
          -0.7608542258675461,
          null,
          null
        ],
        [
          -4.910445449860926,
          null,
          null
        ],
        [
          -0.8,
          null,
          null
        ],
        [
          3.6841152961158716,
          null,
          null
        ]
      ]
    },
    "fo18": {
      "t": 2.057142857142857,
      "fo": [
        [
          -0.7608542258675461,
          null,
          null
        ],
        [
          -4.910445449860926,
          null,
          null
        ],
        [
          -0.8,
          null,
          null
        ],
        [
          3.8973665708321743,
          null,
          null
        ]
      ]
    },
    "fo19": {
      "t": 2.1714285714285713,
      "fo": [
        [
          -0.7608542258675461,
          null,
          null
        ],
        [
          -4.910445449860926,
          null,
          null
        ],
        [
          -0.8,
          null,
          null
        ],
        [
          4.110617845548477,
          null,
          null
        ]
      ]
    },
    "fo20": {
      "t": 2.2857142857142856,