{
  "name": "loiter_spin_22.00",
  "Nco": 6,
  "keyframes": {
    "fo0": {
      "t": 0.0,
      "fo": [
        [
          3.5378200805295856,
          0.0
        ],
        [
          -1.0779060644186003,
          0.0
        ],
        [
          -0.8,
          0.0
        ],
        [
          6.0165328157903035,
          1.7685362527718402
        ]
      ]
    },
    "fo1": {
      "t": 0.11428571428571428,
      "fo": [
        [
          3.5378200805295856,
          null,
          null
        ],
        [
          -1.0779060644186003,
          null,
          null
        ],
        [
          -0.8,
          null,
          null
        ],
        [
          6.218651244678513,
          null,
          null
        ]
      ]
    },
    "fo2": {
      "t": 0.22857142857142856,
      "fo": [
        [
          3.5378200805295856,
          null,
          null
        ],
        [
          -1.0779060644186003,
          null,
          null
        ],
        [
          -0.8,
          null,
          null
        ],
        [
          6.420769673566724,
          null,
          null
        ]
      ]
    },
    "fo3": {
      "t": 0.34285714285714286,
      "fo": [
        [
          3.5378200805295856,
          null,
          null
        ],
        [
          -1.0779060644186003,
          null,
          null
        ],
        [
          -0.8,
          null,
          null
        ],
        [
          6.622888102454935,
          null,
          null
        ]
      ]
    },
    "fo4": {
      "t": 0.45714285714285713,
      "fo": [
        [
          3.5378200805295856,
          null,
          null
        ],
        [
          -1.0779060644186003,
          null,
          null
        ],
        [
          -0.8,
          null,
          null
        ],
        [
          6.825006531343145,
          null,
          null
        ]
      ]
    },
    "fo5": {
      "t": 0.5714285714285714,
      "fo": [
        [
          3.5378200805295856,
          null,
          null
        ],
        [
          -1.0779060644186003,
          null,
          null
        ],
        [
          -0.8,
          null,
          null
        ],
        [
          7.027124960231355,
          null,
          null
        ]
      ]
    },
    "fo6": {
      "t": 0.6857142857142857,
      "fo": [
        [
          3.5378200805295856,
          null,
          null
        ],
        [
          -1.0779060644186003,
          null,
          null
        ],
        [
          -0.8,
          null,
          null
        ],
        [
          7.229243389119565,
          null,
          null
        ]
      ]
    },
    "fo7": {
      "t": 0.8,
      "fo": [
        [
          3.5378200805295856,
          null,
          null
        ],
        [
          -1.0779060644186003,
          null,
          null
        ],
        [
          -0.8,
          null,
          null
        ],
        [
          7.431361818007776,
          null,
          null
        ]
      ]
    },
    "fo8": {
      "t": 0.9142857142857143,
      "fo": [
        [
          3.5378200805295856,
          null,
          null
        ],
        [
          -1.0779060644186003,
          null,
          null
        ],
        [
          -0.8,
          null,
          null
        ],
        [
          7.633480246895986,
          null,
          null
        ]
      ]
    },
    "fo9": {
      "t": 1.0285714285714285,
      "fo": [
        [
          3.5378200805295856,
          null,
          null
        ],
        [
          -1.0779060644186003,
          null,
          null
        ],
        [
          -0.8,
          null,
          null
        ],
        [
          7.835598675784196,
          null,
          null
        ]
      ]
    },
    "fo10": {
      "t": 1.1428571428571428,
      "fo": [
        [
          3.5378200805295856,
          null,
          null
        ],
        [
          -1.0779060644186003,
          null,
          null
        ],
        [
          -0.8,
          null,
          null
        ],
        [
          8.037717104672407,
          null,
          null
        ]
      ]
    },
    "fo11": {
      "t": 1.2571428571428571,
      "fo": [
        [
          3.5378200805295856,
          null,
          null
        ],
        [
          -1.0779060644186003,
          null,
          null
        ],
        [
          -0.8,
          null,
          null
        ],
        [
          8.239835533560617,
          null,
          null
        ]
      ]
    },
    "fo12": {
      "t": 1.3714285714285714,
      "fo": [
        [
          3.5378200805295856,
          null,
          null
        ],
        [
          -1.0779060644186003,
          null,
          null
        ],
        [
          -0.8,
          null,
          null
        ],
        [
          8.441953962448828,
          null,
          null
        ]
      ]
    },
    "fo13": {
      "t": 1.4857142857142858,
      "fo": [
        [
          3.5378200805295856,
          null,
          null
        ],
        [
          -1.0779060644186003,
          null,
          null
        ],
        [
          -0.8,
          null,
          null
        ],
        [
          8.644072391337037,
          null,
          null
        ]
      ]
    },
    "fo14": {
      "t": 1.6,
      "fo": [
        [
          3.5378200805295856,
          null,
          null
        ],
        [
          -1.0779060644186003,
          null,
          null
        ],
        [
          -0.8,
          null,
          null
        ],
        [
          8.846190820225248,
          null,
          null
        ]
      ]
    },
    "fo15": {
      "t": 1.7142857142857142,
      "fo": [
        [
          3.5378200805295856,
          null,
          null
        ],
        [
          -1.0779060644186003,
          null,
          null
        ],
        [
          -0.8,
          null,
          null
        ],
        [
          9.048309249113458,
          null,
          null
        ]
      ]
    },
    "fo16": {
      "t": 1.8285714285714285,
      "fo": [
        [
          3.5378200805295856,
          null,
          null
        ],
        [
          -1.0779060644186003,
          null,
          null
        ],
        [
          -0.8,
          null,
          null
        ],
        [
          9.250427678001667,
          null,
          null
        ]
      ]
    },
    "fo17": {
      "t": 1.9428571428571428,
      "fo": [
        [
          3.5378200805295856,
          null,
          null
        ],
        [
          -1.0779060644186003,
          null,
          null
        ],
        [
          -0.8,
          null,
          null
        ],
        [
          9.452546106889878,
          null,
          null
        ]
      ]
    },
    "fo18": {
      "t": 2.057142857142857,
      "fo": [
        [
          3.5378200805295856,
          null,
          null
        ],
        [
          -1.0779060644186003,
          null,
          null
        ],
        [
          -0.8,
          null,
          null
        ],
        [
          9.654664535778089,
          null,
          null
        ]
      ]
    },
    "fo19": {
      "t": 2.1714285714285713,
      "fo": [
        [
          3.5378200805295856,
          null,
          null
        ],
        [
          -1.0779060644186003,
          null,
          null
        ],
        [
          -0.8,
          null,
          null
        ],
        [
          9.8567829646663,
          null,
          null
        ]
      ]
    },
    "fo20": {
      "t": 2.2857142857142856,