{
  "name": "loiter_spin_18.00",
  "Nco": 6,
  "keyframes": {
    "fo0": {
      "t": 0.0,
      "fo": [
        [
          0.5088487400168521,
          0.0
        ],
        [
          -3.2928719315367303,
          0.0
        ],
        [
          -0.8,
          0.0
        ],
        [
          5.997027533096506,
          1.9083421247926886
        ]
      ]
    },
    "fo1": {
      "t": 0.11428571428571428,
      "fo": [
        [
          0.5088487400168521,
          null,
          null
        ],
        [
          -3.2928719315367303,
          null,
          null
        ],
        [
          -0.8,
          null,
          null
        ],
        [
          6.215123775929956,
          null,
          null
        ]
      ]
    },
    "fo2": {
      "t": 0.22857142857142856,
      "fo": [
        [
          0.5088487400168521,
          null,
          null
        ],
        [
          -3.2928719315367303,
          null,
          null
        ],
        [
          -0.8,
          null,
          null
        ],
        [
          6.433220018763406,
          null,
          null
        ]
      ]
    },
    "fo3": {
      "t": 0.34285714285714286,
      "fo": [
        [
          0.5088487400168521,
          null,
          null
        ],
        [
          -3.2928719315367303,
          null,
          null
        ],
        [
          -0.8,
          null,
          null
        ],
        [
          6.651316261596856,
          null,
          null
        ]
      ]
    },
    "fo4": {
      "t": 0.45714285714285713,
      "fo": [
        [
          0.5088487400168521,
          null,
          null
        ],
        [
          -3.2928719315367303,
          null,
          null
        ],
        [
          -0.8,
          null,
          null
        ],
        [
          6.869412504430306,
          null,
          null
        ]
      ]
    },
    "fo5": {
      "t": 0.5714285714285714,
      "fo": [
        [
          0.5088487400168521,
          null,
          null
        ],
        [
          -3.2928719315367303,
          null,
          null
        ],
        [
          -0.8,
          null,
          null
        ],
        [
          7.087508747263756,
          null,
          null
        ]
      ]
    },
    "fo6": {
      "t": 0.6857142857142857,
      "fo": [
        [
          0.5088487400168521,
          null,
          null
        ],
        [
          -3.2928719315367303,
          null,
          null
        ],
        [
          -0.8,
          null,
          null
        ],
        [
          7.305604990097207,
          null,
          null
        ]
      ]
    },
    "fo7": {
      "t": 0.8,
      "fo": [
        [
          0.5088487400168521,
          null,
          null
        ],
        [
          -3.2928719315367303,
          null,
          null
        ],
        [
          -0.8,
          null,
          null
        ],
        [
          7.523701232930657,
          null,
          null
        ]
      ]
    },
    "fo8": {
      "t": 0.9142857142857143,
      "fo": [
        [
          0.5088487400168521,
          null,
          null
        ],
        [
          -3.2928719315367303,
          null,
          null
        ],
        [
          -0.8,
          null,
          null
        ],
        [
          7.741797475764106,
          null,
          null
        ]
      ]
    },
    "fo9": {
      "t": 1.0285714285714285,
      "fo": [
        [
          0.5088487400168521,
          null,
          null
        ],
        [
          -3.2928719315367303,
          null,
          null
        ],
        [
          -0.8,
          null,
          null
        ],
        [
          7.959893718597557,
          null,
          null
        ]
      ]
    },
    "fo10": {
      "t": 1.1428571428571428,
      "fo": [
        [
          0.5088487400168521,
          null,
          null
        ],
        [
          -3.2928719315367303,
          null,
          null
        ],
        [
          -0.8,
          null,
          null
        ],
        [
          8.177989961431006,
          null,
          null
        ]
      ]
    },
    "fo11": {
      "t": 1.2571428571428571,
      "fo": [
        [
          0.5088487400168521,
          null,
          null
        ],
        [
          -3.2928719315367303,
          null,
          null
        ],
        [
          -0.8,
          null,
          null
        ],
        [
          8.396086204264456,
          null,
          null
        ]
      ]
    },
    "fo12": {
      "t": 1.3714285714285714,
      "fo": [
        [
          0.5088487400168521,
          null,
          null
        ],
        [
          -3.2928719315367303,
          null,
          null
        ],
        [
          -0.8,
          null,
          null
        ],
        [
          8.614182447097907,
          null,
          null
        ]
      ]
    },
    "fo13": {
      "t": 1.4857142857142858,
      "fo": [
        [
          0.5088487400168521,
          null,
          null
        ],
        [
          -3.2928719315367303,
          null,
          null
        ],
        [
          -0.8,
          null,
          null
        ],
        [
          8.832278689931357,
          null,
          null
        ]
      ]
    },
    "fo14": {
      "t": 1.6,
      "fo": [
        [
          0.5088487400168521,
          null,
          null
        ],
        [
          -3.2928719315367303,
          null,
          null
        ],
        [
          -0.8,
          null,
          null
        ],
        [
          9.050374932764807,
          null,
          null
        ]
      ]
    },
    "fo15": {
      "t": 1.7142857142857142,
      "fo": [
        [
          0.5088487400168521,
          null,
          null
        ],
        [
          -3.2928719315367303,
          null,
          null
        ],
        [
          -0.8,
          null,
          null
        ],
        [
          9.268471175598258,
          null,
          null
        ]
      ]
    },
    "fo16": {
      "t": 1.8285714285714285,
      "fo": [
        [
          0.5088487400168521,
          null,
          null
        ],
        [
          -3.2928719315367303,
          null,
          null
        ],
        [
          -0.8,
          null,
          null
        ],
        [
          9.486567418431708,
          null,
          null
        ]
      ]
    },
    "fo17": {
      "t": 1.9428571428571428,
      "fo": [
        [
          0.5088487400168521,
          null,
          null
        ],
        [
          -3.2928719315367303,
          null,
          null
        ],
        [
          -0.8,
          null,
          null
        ],
        [
          9.704663661265158,
          null,
          null
        ]
      ]
    },
    "fo18": {
      "t": 2.057142857142857,
      "fo": [
        [
          0.5088487400168521,
          null,
          null
        ],
        [
          -3.2928719315367303,
          null,
          null
        ],
        [
          -0.8,
          null,
          null
        ],
        [
          9.922759904098609,
          null,
          null
        ]
      ]
    },
    "fo19": {
      "t": 2.1714285714285713,
      "fo": [
        [
          0.5088487400168521,
          null,
          null
        ],
        [
          -3.2928719315367303,
          null,
          null
        ],
        [
          -0.8,
          null,
          null
        ],
        [
          10.140856146932059,
          null,
          null
        ]
      ]
    },
    "fo20": {
      "t": 2.2857142857142856,