{
  "name": "loiter_spin_8.00",
  "Nco": 6,
  "keyframes": {
    "fo0": {
      "t": 0.0,
      "fo": [
        [
          -0.6549040397727909,
          0.0
        ],
        [
          3.5383220347984543,
          0.0
        ],
        [
          -1.1,
          0.0
        ],
        [
          3.2951240357267992,
          2.1740752342592176
        ]
      ]
    },
    "fo1": {
      "t": 0.11428571428571428,
      "fo": [
        [
          -0.6549040397727909,
          null,
          null
        ],
        [
          3.5383220347984543,
          null,
          null
        ],
        [
          -1.1,
          null,
          null
        ],
        [
          3.046658294668603,
          null,
          null
        ]
      ]
    },
    "fo2": {
      "t": 0.22857142857142856,
      "fo": [
        [
          -0.6549040397727909,
          null,
          null
        ],
        [
          3.5383220347984543,
          null,
          null
        ],
        [
          -1.1,
          null,
          null
        ],
        [
          2.7981925536104066,
          null,
          null
        ]
      ]
    },
    "fo3": {
      "t": 0.34285714285714286,
      "fo": [
        [
          -0.6549040397727909,
          null,
          null
        ],
        [
          3.5383220347984543,
          null,
          null
        ],
        [
          -1.1,
          null,
          null
        ],
        [
          2.54972681255221,
          null,
          null
        ]
      ]
    },
    "fo4": {
      "t": 0.45714285714285713,
      "fo": [
        [
          -0.6549040397727909,
          null,
          null
        ],
        [
          3.5383220347984543,
          null,
          null
        ],
        [
          -1.1,
          null,
          null
        ],
        [
          2.301261071494014,
          null,
          null
        ]
      ]
    },
    "fo5": {
      "t": 0.5714285714285714,
      "fo": [
        [
          -0.6549040397727909,
          null,
          null
        ],
        [
          3.5383220347984543,
          null,
          null
        ],
        [
          -1.1,
          null,
          null
        ],
        [
          2.052795330435818,
          null,
          null
        ]
      ]
    },
    "fo6": {
      "t": 0.6857142857142857,
      "fo": [
        [
          -0.6549040397727909,
          null,
          null
        ],
        [
          3.5383220347984543,
          null,
          null
        ],
        [
          -1.1,
          null,
          null
        ],
        [
          1.8043295893776214,
          null,
          null
        ]
      ]
    },
    "fo7": {
      "t": 0.8,
      "fo": [
        [
          -0.6549040397727909,
          null,
          null
        ],
        [
          3.5383220347984543,
          null,
          null
        ],
        [
          -1.1,
          null,
          null
        ],
        [
          1.5558638483194251,
          null,
          null
        ]
      ]
    },
    "fo8": {
      "t": 0.9142857142857143,
      "fo": [
        [
          -0.6549040397727909,
          null,
          null
        ],
        [
          3.5383220347984543,
          null,
          null
        ],
        [
          -1.1,
          null,
          null
        ],
        [
          1.307398107261229,
          null,
          null
        ]
      ]
    },
    "fo9": {
      "t": 1.0285714285714285,
      "fo": [
        [
          -0.6549040397727909,
          null,
          null
        ],
        [
          3.5383220347984543,
          null,
          null
        ],
        [
          -1.1,
          null,
          null
        ],
        [
          1.0589323662030328,
          null,
          null
        ]
      ]
    },
    "fo10": {
      "t": 1.1428571428571428,
      "fo": [
        [
          -0.6549040397727909,
          null,
          null
        ],
        [
          3.5383220347984543,
          null,
          null
        ],
        [
          -1.1,
          null,
          null
        ],
        [
          0.8104666251448363,
          null,
          null
        ]
      ]
    },
    "fo11": {
      "t": 1.2571428571428571,
      "fo": [
        [
          -0.6549040397727909,
          null,
          null
        ],
        [
          3.5383220347984543,
          null,
          null
        ],
        [
          -1.1,
          null,
          null
        ],
        [
          0.5620008840866402,
          null,
          null
        ]
      ]
    },
    "fo12": {
      "t": 1.3714285714285714,
      "fo": [
        [
          -0.6549040397727909,
          null,
          null
        ],
        [
          3.5383220347984543,
          null,
          null
        ],
        [
          -1.1,
          null,
          null
        ],
        [
          0.31353514302844365,
          null,
          null
        ]
      ]
    },
    "fo13": {
      "t": 1.4857142857142858,
      "fo": [
        [
          -0.6549040397727909,
          null,
          null
        ],
        [
          3.5383220347984543,
          null,
          null
        ],
        [
          -1.1,
          null,
          null
        ],
        [
          0.06506940197024713,
          null,
          null
        ]
      ]
    },
    "fo14": {
      "t": 1.6,
      "fo": [
        [
          -0.6549040397727909,
          null,
          null
        ],
        [
          3.5383220347984543,
          null,
          null
        ],
        [
          -1.1,
          null,
          null
        ],
        [
          -0.18339633908794895,
          null,
          null
        ]
      ]
    },
    "fo15": {
      "t": 1.7142857142857142,
      "fo": [
        [
          -0.6549040397727909,
          null,
          null
        ],
        [
          3.5383220347984543,
          null,
          null
        ],
        [
          -1.1,
          null,
          null
        ],
        [
          -0.431862080146145,
          null,
          null
        ]
      ]
    },
    "fo16": {
      "t": 1.8285714285714285,
      "fo": [
        [
          -0.6549040397727909,
          null,
          null
        ],
        [
          3.5383220347984543,
          null,
          null
        ],
        [
          -1.1,
          null,
          null
        ],
        [
          -0.6803278212043411,
          null,
          null
        ]
      ]
    },
    "fo17": {
      "t": 1.9428571428571428,
      "fo": [
        [
          -0.6549040397727909,
          null,
          null
        ],
        [
          3.5383220347984543,
          null,
          null
        ],
        [
          -1.1,
          null,
          null
        ],
        [
          -0.9287935622625381,
          null,
          null
        ]
      ]
    },
    "fo18": {
      "t": 2.057142857142857,
      "fo": [
        [
          -0.6549040397727909,
          null,
          null
        ],
        [
          3.5383220347984543,
          null,
          null
        ],
        [
          -1.1,
          null,
          null
        ],
        [
          -1.1772593033207337,
          null,
          null
        ]
      ]
    },
    "fo19": {
      "t": 2.1714285714285713,
      "fo": [
        [
          -0.6549040397727909,
          null,
          null
        ],
        [
          3.5383220347984543,
          null,
          null
        ],
        [
          -1.1,
          null,
          null
        ],
        [
          -1.4257250443789302,
          null,
          null
        ]
      ]
    },
    "fo20": {
      "t": 2.2857142857142856,