{
  "name": "loiter_spin_8.00",
  "Nco": 6,
  "keyframes": {
    "fo0": {
      "t": 0.0,
      "fo": [
        [
          -0.7786159187228507,
          0.0
        ],
        [
          4.7626364712501275,
          0.0
        ],
        [
          -1.1,
          0.0
        ],
        [
          2.8444128622826463,
          2.0610972831353074
        ]
      ]
    },
    "fo1": {
      "t": 0.11428571428571428,
      "fo": [
        [
          -0.7786159187228507,
          null,
          null
        ],
        [
          4.7626364712501275,
          null,
          null
        ],
        [
          -1.1,
          null,
          null
        ],
        [
          2.6088588870671825,
          null,
          null
        ]
      ]
    },
    "fo2": {
      "t": 0.22857142857142856,
      "fo": [
        [
          -0.7786159187228507,
          null,
          null
        ],
        [
          4.7626364712501275,
          null,
          null
        ],
        [
          -1.1,
          null,
          null
        ],
        [
          2.373304911851719,
          null,
          null
        ]
      ]
    },
    "fo3": {
      "t": 0.34285714285714286,
      "fo": [
        [
          -0.7786159187228507,
          null,
          null
        ],
        [
          4.7626364712501275,
          null,
          null
        ],
        [
          -1.1,
          null,
          null
        ],
        [
          2.1377509366362553,
          null,
          null
        ]
      ]
    },
    "fo4": {
      "t": 0.45714285714285713,
      "fo": [
        [
          -0.7786159187228507,
          null,
          null
        ],
        [
          4.7626364712501275,
          null,
          null
        ],
        [
          -1.1,
          null,
          null
        ],
        [
          1.9021969614207914,
          null,
          null
        ]
      ]
    },
    "fo5": {
      "t": 0.5714285714285714,
      "fo": [
        [
          -0.7786159187228507,
          null,
          null
        ],
        [
          4.7626364712501275,
          null,
          null
        ],
        [
          -1.1,
          null,
          null
        ],
        [
          1.6666429862053278,
          null,
          null
        ]
      ]
    },
    "fo6": {
      "t": 0.6857142857142857,
      "fo": [
        [
          -0.7786159187228507,
          null,
          null
        ],
        [
          4.7626364712501275,
          null,
          null
        ],
        [
          -1.1,
          null,
          null
        ],
        [
          1.4310890109898642,
          null,
          null
        ]
      ]
    },
    "fo7": {
      "t": 0.8,
      "fo": [
        [
          -0.7786159187228507,
          null,
          null
        ],
        [
          4.7626364712501275,
          null,
          null
        ],
        [
          -1.1,
          null,
          null
        ],
        [
          1.1955350357744003,
          null,
          null
        ]
      ]
    },
    "fo8": {
      "t": 0.9142857142857143,
      "fo": [
        [
          -0.7786159187228507,
          null,
          null
        ],
        [
          4.7626364712501275,
          null,
          null
        ],
        [
          -1.1,
          null,
          null
        ],
        [
          0.9599810605589367,
          null,
          null
        ]
      ]
    },
    "fo9": {
      "t": 1.0285714285714285,
      "fo": [
        [
          -0.7786159187228507,
          null,
          null
        ],
        [
          4.7626364712501275,
          null,
          null
        ],
        [
          -1.1,
          null,
          null
        ],
        [
          0.7244270853434731,
          null,
          null
        ]
      ]
    },
    "fo10": {
      "t": 1.1428571428571428,
      "fo": [
        [
          -0.7786159187228507,
          null,
          null
        ],
        [
          4.7626364712501275,
          null,
          null
        ],
        [
          -1.1,
          null,
          null
        ],
        [
          0.48887311012800927,
          null,
          null
        ]
      ]
    },
    "fo11": {
      "t": 1.2571428571428571,
      "fo": [
        [
          -0.7786159187228507,
          null,
          null
        ],
        [
          4.7626364712501275,
          null,
          null
        ],
        [
          -1.1,
          null,
          null
        ],
        [
          0.2533191349125459,
          null,
          null
        ]
      ]
    },
    "fo12": {
      "t": 1.3714285714285714,
      "fo": [
        [
          -0.7786159187228507,
          null,
          null
        ],
        [
          4.7626364712501275,
          null,
          null
        ],
        [
          -1.1,
          null,
          null
        ],
        [
          0.017765159697082034,
          null,
          null
        ]
      ]
    },
    "fo13": {
      "t": 1.4857142857142858,
      "fo": [
        [
          -0.7786159187228507,
          null,
          null
        ],
        [
          4.7626364712501275,
          null,
          null
        ],
        [
          -1.1,
          null,
          null
        ],
        [
          -0.2177888155183818,
          null,
          null
        ]
      ]
    },
    "fo14": {
      "t": 1.6,
      "fo": [
        [
          -0.7786159187228507,
          null,
          null
        ],
        [
          4.7626364712501275,
          null,
          null
        ],
        [
          -1.1,
          null,
          null
        ],
        [
          -0.45334279073384565,
          null,
          null
        ]
      ]
    },
    "fo15": {
      "t": 1.7142857142857142,
      "fo": [
        [
          -0.7786159187228507,
          null,
          null
        ],
        [
          4.7626364712501275,
          null,
          null
        ],
        [
          -1.1,
          null,
          null
        ],
        [
          -0.688896765949309,
          null,
          null
        ]
      ]
    },
    "fo16": {
      "t": 1.8285714285714285,
      "fo": [
        [
          -0.7786159187228507,
          null,
          null
        ],
        [
          4.7626364712501275,
          null,
          null
        ],
        [
          -1.1,
          null,
          null
        ],
        [
          -0.9244507411647729,
          null,
          null
        ]
      ]
    },
    "fo17": {
      "t": 1.9428571428571428,
      "fo": [
        [
          -0.7786159187228507,
          null,
          null
        ],
        [
          4.7626364712501275,
          null,
          null
        ],
        [
          -1.1,
          null,
          null
        ],
        [
          -1.1600047163802367,
          null,
          null
        ]
      ]
    },
    "fo18": {
      "t": 2.057142857142857,
      "fo": [
        [
          -0.7786159187228507,
          null,
          null
        ],
        [
          4.7626364712501275,
          null,
          null
        ],
        [
          -1.1,
          null,
          null
        ],
        [
          -1.3955586915957001,
          null,
          null
        ]
      ]
    },
    "fo19": {
      "t": 2.1714285714285713,
      "fo": [
        [
          -0.7786159187228507,
          null,
          null
        ],
        [
          4.7626364712501275,
          null,
          null
        ],
        [
          -1.1,
          null,
          null
        ],
        [
          -1.6311126668111635,
          null,
          null
        ]
      ]
    },
    "fo20": {
      "t": 2.2857142857142856,