{
  "name": "loiter_spin_6.00",
  "Nco": 6,
  "keyframes": {
    "fo0": {
      "t": 0.0,
      "fo": [
        [
          0.45707111348383933,
          0.0
        ],
        [
          -0.7977896621009325,
          0.0
        ],
        [
          -1.0,
          0.0
        ],
        [
          5.7555309878409515,
          1.9060987709422246
        ]
      ]
    },
    "fo1": {
      "t": 0.11428571428571428,
      "fo": [
        [
          0.45707111348383933,
          null,
          null
        ],
        [
          -0.7977896621009325,
          null,
          null
        ],
        [
          -1.0,
          null,
          null
        ],
        [
          5.537691128304697,
          null,
          null
        ]
      ]
    },
    "fo2": {
      "t": 0.22857142857142856,
      "fo": [
        [
          0.45707111348383933,
          null,
          null
        ],
        [
          -0.7977896621009325,
          null,
          null
        ],
        [
          -1.0,
          null,
          null
        ],
        [
          5.319851268768443,
          null,
          null
        ]
      ]
    },
    "fo3": {
      "t": 0.34285714285714286,
      "fo": [
        [
          0.45707111348383933,
          null,
          null
        ],
        [
          -0.7977896621009325,
          null,
          null
        ],
        [
          -1.0,
          null,
          null
        ],
        [
          5.102011409232189,
          null,
          null
        ]
      ]
    },
    "fo4": {
      "t": 0.45714285714285713,
      "fo": [
        [
          0.45707111348383933,
          null,
          null
        ],
        [
          -0.7977896621009325,
          null,
          null
        ],
        [
          -1.0,
          null,
          null
        ],
        [
          4.884171549695934,
          null,
          null
        ]
      ]
    },
    "fo5": {
      "t": 0.5714285714285714,
      "fo": [
        [
          0.45707111348383933,
          null,
          null
        ],
        [
          -0.7977896621009325,
          null,
          null
        ],
        [
          -1.0,
          null,
          null
        ],
        [
          4.66633169015968,
          null,
          null
        ]
      ]
    },
    "fo6": {
      "t": 0.6857142857142857,
      "fo": [
        [
          0.45707111348383933,
          null,
          null
        ],
        [
          -0.7977896621009325,
          null,
          null
        ],
        [
          -1.0,
          null,
          null
        ],
        [
          4.448491830623426,
          null,
          null
        ]
      ]
    },
    "fo7": {
      "t": 0.8,
      "fo": [
        [
          0.45707111348383933,
          null,
          null
        ],
        [
          -0.7977896621009325,
          null,
          null
        ],
        [
          -1.0,
          null,
          null
        ],
        [
          4.2306519710871715,
          null,
          null
        ]
      ]
    },
    "fo8": {
      "t": 0.9142857142857143,
      "fo": [
        [
          0.45707111348383933,
          null,
          null
        ],
        [
          -0.7977896621009325,
          null,
          null
        ],
        [
          -1.0,
          null,
          null
        ],
        [
          4.012812111550918,
          null,
          null
        ]
      ]
    },
    "fo9": {
      "t": 1.0285714285714285,
      "fo": [
        [
          0.45707111348383933,
          null,
          null
        ],
        [
          -0.7977896621009325,
          null,
          null
        ],
        [
          -1.0,
          null,
          null
        ],
        [
          3.794972252014664,
          null,
          null
        ]
      ]
    },
    "fo10": {
      "t": 1.1428571428571428,
      "fo": [
        [
          0.45707111348383933,
          null,
          null
        ],
        [
          -0.7977896621009325,
          null,
          null
        ],
        [
          -1.0,
          null,
          null
        ],
        [
          3.577132392478409,
          null,
          null
        ]
      ]
    },
    "fo11": {
      "t": 1.2571428571428571,
      "fo": [
        [
          0.45707111348383933,
          null,
          null
        ],
        [
          -0.7977896621009325,
          null,
          null
        ],
        [
          -1.0,
          null,
          null
        ],
        [
          3.359292532942155,
          null,
          null
        ]
      ]
    },
    "fo12": {
      "t": 1.3714285714285714,
      "fo": [
        [
          0.45707111348383933,
          null,
          null
        ],
        [
          -0.7977896621009325,
          null,
          null
        ],
        [
          -1.0,
          null,
          null
        ],
        [
          3.1414526734059005,
          null,
          null
        ]
      ]
    },
    "fo13": {
      "t": 1.4857142857142858,
      "fo": [
        [
          0.45707111348383933,
          null,
          null
        ],
        [
          -0.7977896621009325,
          null,
          null
        ],
        [
          -1.0,
          null,
          null
        ],
        [
          2.923612813869646,
          null,
          null
        ]
      ]
    },
    "fo14": {
      "t": 1.6,
      "fo": [
        [
          0.45707111348383933,
          null,
          null
        ],
        [
          -0.7977896621009325,
          null,
          null
        ],
        [
          -1.0,
          null,
          null
        ],
        [
          2.705772954333392,
          null,
          null
        ]
      ]
    },
    "fo15": {
      "t": 1.7142857142857142,
      "fo": [
        [
          0.45707111348383933,
          null,
          null
        ],
        [
          -0.7977896621009325,
          null,
          null
        ],
        [
          -1.0,
          null,
          null
        ],
        [
          2.487933094797138,
          null,
          null
        ]
      ]
    },
    "fo16": {
      "t": 1.8285714285714285,
      "fo": [
        [
          0.45707111348383933,
          null,
          null
        ],
        [
          -0.7977896621009325,
          null,
          null
        ],
        [
          -1.0,
          null,
          null
        ],
        [
          2.270093235260884,
          null,
          null
        ]
      ]
    },
    "fo17": {
      "t": 1.9428571428571428,
      "fo": [
        [
          0.45707111348383933,
          null,
          null
        ],
        [
          -0.7977896621009325,
          null,
          null
        ],
        [
          -1.0,
          null,
          null
        ],
        [
          2.0522533757246295,
          null,
          null
        ]
      ]
    },
    "fo18": {
      "t": 2.057142857142857,
      "fo": [
        [
          0.45707111348383933,
          null,
          null
        ],
        [
          -0.7977896621009325,
          null,
          null
        ],
        [
          -1.0,
          null,
          null
        ],
        [
          1.8344135161883757,
          null,
          null
        ]
      ]
    },
    "fo19": {
      "t": 2.1714285714285713,
      "fo": [
        [
          0.45707111348383933,
          null,
          null
        ],
        [
          -0.7977896621009325,
          null,
          null
        ],
        [
          -1.0,
          null,
          null
        ],
        [
          1.616573656652121,
          null,
          null
        ]
      ]
    },
    "fo20": {
      "t": 2.2857142857142856,