{   
    "mass": 1.144,
    "massless_inertia": [0.019416,0.019416,0.036816],
    "arm_front": [0.075,0.100],
    "arm_back" : [0.075,0.100],
    "force_normalized" : 6.90,
    "torque_gain": 0.040,
    "number_of_rotors": 4,
    "camera_to_body_transform":
    [
        [ 0.00000,  0.00000, 1.00000,  0.10000],
        [ 1.00000,  0.00000,  0.00000, -0.03000],
        [ 0.00000, -1.00000,  0.00000, -0.01000],
        [ 0.00000,  0.00000,  0.00000,  1.00000]
    ],
    "camera":
    {   
        "height": 376,
        "width": 672,
        "channels": 3,
        "fx": 730.983,
        "fy": 730.983,
        "cx": 629.209,
        "cy": 371.893
    }
}